# time, R, alfa_r, veloc, accel
0.00,6370000.00000000,0.00000000,0.00000000,0.00000000
0.10,6370000.07450001,0.00000000,1.49000022,14.90000223
0.20,6370000.29793489,0.00000000,2.98219302,14.92211802
0.30,6370000.67057507,0.00000000,4.47789394,14.96094572
0.40,6370001.19259786,0.00000001,5.97623851,14.98654503
0.50,6370001.86418177,0.00000001,7.47732426,15.01632405
0.60,6370002.68548099,0.00000002,8.98112873,15.04525579
0.70,6370003.65664917,0.00000003,10.48766403,15.07460982
0.80,6370004.77783397,0.00000005,11.99693597,15.10410276
0.90,6370006.04917879,0.00000006,13.50895007,15.13374982
1.00,6370007.47082292,0.00000008,15.02371084,15.16352513
1.10,6370009.04290175,0.00000010,16.54122202,15.19341212
1.20,6370010.76554707,0.00000013,18.06148661,15.22339599
1.30,6370012.63888720,0.00000016,19.58450698,15.25346393
1.40,6370014.66304719,0.00000019,21.11028493,15.28360465
1.50,6370016.83814890,0.00000022,22.63882170,15.31380809
1.60,6370019.16431121,0.00000027,24.17011808,15.34406521
1.70,6370021.64165005,0.00000031,25.70417437,15.37436785
1.80,6370024.27027851,0.00000036,27.24099049,15.40470855
1.90,6370027.05030699,0.00000041,28.78056596,15.43508047
2.00,6370029.98184318,0.00000047,30.32289993,15.46547731
2.10,6370033.06499223,0.00000054,31.86799122,15.49589325
2.20,6370036.29985673,0.00000060,33.41583833,15.52632286
2.30,6370039.68653683,0.00000068,34.96643948,15.55676109
2.40,6370043.22513029,0.00000076,36.51979256,15.58720320
2.50,6370046.91573248,0.00000084,38.07589524,15.61764475
2.60,6370050.75843650,0.00000093,39.63474491,15.64808156
2.70,6370054.75333317,0.00000103,41.19633871,15.67850969
2.80,6370058.90051111,0.00000113,42.76067356,15.70892540
2.90,6370063.20005673,0.00000124,44.32774617,15.73932516
3.00,6370067.65205433,0.00000135,45.89755301,15.76970561
3.10,6370072.25658609,0.00000147,47.47009037,15.80006358
3.20,6370077.01373211,0.00000160,49.04535433,15.83039603
3.30,6370081.92357046,0.00000173,50.62334079,15.86070005
3.40,6370086.98617717,0.00000188,52.20404548,15.89097290
3.50,6370092.20162630,0.00000202,53.78746393,15.92121194
3.60,6370097.56998996,0.00000218,55.37359154,15.95141464
3.70,6370103.09133830,0.00000234,56.96242353,15.98157859
3.80,6370108.76573957,0.00000251,58.55395496,16.01170147
3.90,6370114.59326013,0.00000269,60.14818075,16.04178108
4.00,6370120.57396449,0.00000287,61.74509567,16.07181528
4.10,6370126.70791528,0.00000306,63.34469437,16.10180203
4.20,6370132.99517332,0.00000326,64.94697134,16.13173936
4.30,6370139.43579764,0.00000347,66.55192096,16.16162541
4.40,6370146.02984547,0.00000368,68.15953748,16.19145835
4.50,6370152.77737226,0.00000391,69.76981502,16.22123645
4.60,6370159.67843171,0.00000414,71.38274761,16.25095803
4.70,6370166.73307582,0.00000438,72.99832914,16.28062149
4.80,6370173.94135481,0.00000463,74.61655340,16.31022527
4.90,6370181.30331726,0.00000489,76.23741408,16.33976788
5.00,6370188.81901002,0.00000515,77.86090477,16.36924790
5.10,6370196.48847828,0.00000543,79.48701896,16.39866394
5.20,6370204.31176558,0.00000571,81.11575003,16.42801469
5.30,6370212.28891381,0.00000601,82.74709131,16.45729885
5.40,6370220.41996323,0.00000631,84.38103599,16.48651522
5.50,6370228.70495247,0.00000662,86.01757722,16.51566261
5.60,6370237.14391859,0.00000694,87.65670805,16.54473989
5.70,6370245.73689703,0.00000727,89.29842145,16.57374598
5.80,6370254.48392167,0.00000761,90.94271031,16.60267982
5.90,6370263.38502481,0.00000796,92.58956747,16.63154042
6.00,6370272.44023721,0.00000832,94.23898568,16.66032682
6.10,6370281.64958808,0.00000869,95.89095763,16.68903810
6.20,6370291.01310512,0.00000907,97.54547595,16.71767337
6.30,6370300.53081448,0.00000947,99.20253320,16.74623180
6.40,6370310.20274084,0.00000987,100.86212189,16.77471258
6.50,6370320.02890736,0.00001028,102.52423448,16.80311494
6.60,6370330.00933573,0.00001070,104.18886336,16.83143815
6.70,6370340.14404617,0.00001113,105.85600088,16.85968151
6.80,6370350.43305742,0.00001157,107.52563934,16.88784435
6.90,6370360.87638680,0.00001203,109.19777100,16.91592605
7.00,6370371.47405016,0.00001249,110.87238808,16.94392601
7.10,6370382.22606194,0.00001297,112.54948275,16.97184366
7.20,6370393.13243517,0.00001346,114.22904714,16.99967847
7.30,6370404.19318145,0.00001395,115.91107335,17.02742994
7.40,6370415.40831100,0.00001446,117.59555346,17.05509760
7.50,6370426.77783264,0.00001498,119.28247951,17.08268101
7.60,6370438.30175383,0.00001552,120.97184349,17.11017976
7.70,6370449.98008067,0.00001606,122.66363740,17.13759346
7.80,6370461.81281787,0.00001662,124.35785321,17.16492177
7.90,6370473.79996882,0.00001718,126.05448284,17.19216437
8.00,6370485.94153559,0.00001776,127.75351822,17.21932094
8.10,6370498.23751890,0.00001835,129.45495127,17.24639124
8.20,6370510.68791817,0.00001896,131.15877386,17.27337502
8.30,6370523.29273151,0.00001957,132.86497789,17.30027207
8.40,6370536.05195573,0.00002020,134.57355522,17.32708219
8.50,6370548.96558638,0.00002084,136.28449772,17.35380524
8.60,6370562.03361772,0.00002150,137.99779724,17.38044109
8.70,6370575.25604276,0.00002216,139.71344565,17.40698961
8.80,6370588.63285323,0.00002284,141.43143480,17.43345074
8.90,6370602.16403966,0.00002353,143.15175655,17.45982441
9.00,6370615.84959131,0.00002423,144.87440276,17.48611061
9.10,6370629.68949625,0.00002495,146.59936530,17.51230931
9.20,6370643.68374133,0.00002568,148.32663604,17.53842055
9.30,6370657.83231218,0.00002642,150.05620688,17.56444436
9.40,6370672.13519327,0.00002718,151.78806971,17.59038081
9.50,6370686.59236787,0.00002795,153.52221645,17.61623000
9.60,6370701.20381811,0.00002873,155.25863903,17.64199204
9.70,6370715.96952493,0.00002953,156.99732939,17.66766707
9.80,6370730.88946814,0.00003034,158.73827952,17.69325526
9.90,6370745.96362641,0.00003116,160.48148141,17.71875678
10.00,6370761.19197729,0.00003200,162.22692707,17.74417186
10.10,6370776.57449721,0.00003285,163.97460856,17.76950072
10.20,6370792.11116151,0.00003371,165.72451795,17.79474361
10.30,6370807.80194442,0.00003459,167.47664735,17.81990081
10.40,6370823.64681909,0.00003549,169.23098891,17.84497263
10.50,6370839.64575762,0.00003639,170.98753480,17.86995939
10.60,6370855.79873103,0.00003732,172.74627723,17.89486142
10.70,6370872.10570930,0.00003825,174.50720848,17.91967909
10.80,6370888.56666137,0.00003920,176.27032082,17.94441280
10.90,6370905.18155517,0.00004017,178.03560661,17.96906294
11.00,6370921.95035759,0.00004115,179.80305823,17.99362995
11.10,6370938.87303455,0.00004214,181.57266812,18.01811428
11.20,6370955.94955095,0.00004315,183.34442876,18.04251640
11.30,6370973.17987073,0.00004417,185.11833269,18.06683681
11.40,6370990.56395686,0.00004521,186.89437250,18.09107601
11.50,6371008.10177134,0.00004626,188.67254084,18.11523454
11.60,6371025.79327525,0.00004733,190.45283040,18.13931296
11.70,6371043.63842872,0.00004842,192.23523396,18.16331184
11.80,6371061.63719097,0.00004952,194.01974433,18.18723177
11.90,6371079.78952032,0.00005063,195.80635442,18.21107337
12.00,6371098.09537417,0.00005176,197.59505716,18.23483727
12.10,6371116.55470906,0.00005290,199.38584559,18.25852412
12.20,6371135.16748065,0.00005407,201.17871279,18.28213460
12.30,6371153.93364375,0.00005524,202.97365193,18.30566941
12.40,6371172.85314555,0.00005643,204.77051070,18.32770269
12.50,6371191.92591698,0.00005764,206.56909479,18.34782367
12.60,6371211.15187720,0.00005887,208.36934909,18.36739702
12.70,6371230.53094178,0.00006011,210.17125425,18.38677290
12.80,6371250.06302434,0.00006136,211.97479083,18.40595090
12.90,6371269.74803657,0.00006263,213.77993936,18.42493046
13.00,6371289.58588822,0.00006392,215.58668029,18.44371104
13.10,6371309.57648712,0.00006523,217.39499403,18.46229212
13.20,6371329.71973914,0.00006655,219.20486093,18.48067323
13.30,6371350.01554823,0.00006788,221.01626127,18.49885395
13.40,6371370.46381644,0.00006924,222.82917532,18.51683386
13.50,6371391.06444385,0.00007061,224.64358327,18.53461260
13.60,6371411.81732866,0.00007199,226.45946530,18.55218984
13.70,6371432.72236713,0.00007340,228.27680153,18.56956529
13.80,6371453.77945361,0.00007482,230.09557207,18.58673868
13.90,6371474.98848053,0.00007625,231.91575698,18.60370980
14.00,6371496.34933845,0.00007771,233.73733632,18.62047845
14.10,6371517.86191599,0.00007918,235.56029009,18.63704449
14.20,6371539.52609103,0.00008067,237.38440518,18.65151946
14.30,6371561.34171910,0.00008217,239.20940732,18.66330675
14.40,6371583.30863908,0.00008369,241.03520810,18.67422417
14.50,6371605.42668425,0.00008523,242.86177306,18.68479906
14.60,6371627.69568475,0.00008679,244.68906767,18.69503113
14.70,6371650.11546761,0.00008836,246.51705735,18.70491967
14.80,6371672.68585672,0.00008995,248.34570743,18.71446408
14.90,6371695.40667286,0.00009156,250.17498316,18.72366382
15.00,6371718.27773368,0.00009319,252.00484975,18.73251841
15.10,6371741.29885371,0.00009483,253.83527233,18.74102747
15.20,6371764.46984439,0.00009649,255.66621600,18.74919068
15.30,6371787.79051402,0.00009817,257.49764582,18.75700781
15.40,6371811.26066781,0.00009987,259.32952682,18.76447870
15.50,6371834.88010786,0.00010159,261.16182399,18.77160327
15.60,6371858.64863322,0.00010332,262.99450234,18.77838151
15.70,6371882.56603979,0.00010507,264.82752683,18.78481352
15.80,6371906.63212046,0.00010684,266.66086246,18.79089943
15.90,6371930.84665726,0.00010862,268.49430345,18.79497393
16.00,6371955.20937780,0.00011043,270.32684869,18.78928282
16.10,6371979.71992596,0.00011225,272.15764490,18.77527485
16.20,6372004.37790377,0.00011409,273.98661250,18.76049416
16.30,6372029.18290652,0.00011595,275.81367335,18.74495518
16.40,6372054.13452285,0.00011783,277.63874954,18.72866068
16.50,6372079.23233478,0.00011973,279.46176341,18.71161373
16.60,6372104.47591775,0.00012164,281.28263762,18.69381767
16.70,6372129.86484067,0.00012358,283.10129511,18.67527613
16.80,6372155.39866597,0.00012553,284.91765919,18.65599304
16.90,6372181.07694962,0.00012750,286.73165354,18.63597263
17.00,6372206.89924119,0.00012949,288.54320227,18.61521940
17.10,6372232.86508393,0.00013149,290.35222990,18.59373815
17.20,6372258.97401478,0.00013352,292.15866141,18.57153396
17.30,6372285.22556445,0.00013556,293.96242230,18.54861219
17.40,6372311.61925750,0.00013763,295.76343858,18.52497850
17.50,6372338.15461234,0.00013971,297.56163680,18.50063882
17.60,6372364.83114135,0.00014181,299.35694409,18.47559934
17.70,6372391.64832580,0.00014393,301.14872566,18.44440251
17.80,6372418.60558074,0.00014606,302.93612186,18.40487255
17.90,6372445.70226970,0.00014822,304.71882415,18.36236518
18.00,6372472.93773899,0.00015040,306.49673879,18.31896715
18.10,6372500.31132736,0.00015259,308.26977387,18.27469729
18.20,6372527.82236620,0.00015480,310.03783884,18.22956963
18.30,6372555.47017965,0.00015704,311.80084450,18.18359863
18.40,6372583.25408475,0.00015929,313.55870309,18.13679910
18.50,6372611.17339159,0.00016156,315.31132829,18.08918626
18.60,6372639.22740342,0.00016385,317.05863529,18.04077571
18.70,6372667.41541685,0.00016615,318.80054080,17.99158338
18.80,6372695.73672196,0.00016848,320.53696311,17.94162558
18.90,6372724.19060246,0.00017082,322.26782211,17.89091894
19.00,6372752.77633587,0.00017319,323.99303930,17.83948044
19.10,6372781.49319365,0.00017557,325.71253789,17.78732733
19.20,6372810.34044138,0.00017797,327.42624277,17.73447721
19.30,6372839.31733891,0.00018039,329.13408053,17.68094792
19.40,6372868.42314055,0.00018283,330.83597958,17.62675762
19.50,6372897.65707030,0.00018529,332.53130527,17.56647502
19.60,6372927.01829565,0.00018777,334.21939001,17.49979281
19.70,6372956.50595101,0.00019027,335.90012856,17.43213949
19.80,6372986.11916399,0.00019278,337.57344841,17.36383273
19.90,6373015.85705695,0.00019532,339.23927966,17.29489927
20.00,6373045.71874726,0.00019787,340.89755497,17.22536500
20.10,6373075.70334752,0.00020044,342.54820949,17.15525605
20.20,6373105.80996583,0.00020303,344.19118097,17.08459868
20.30,6373136.03770594,0.00020564,345.82640971,17.01341931
20.40,6373166.38566757,0.00020827,347.45383862,16.94174447
20.50,6373196.85294662,0.00021092,349.07341321,16.86960082
20.60,6373227.43863537,0.00021358,350.68508159,16.79701508
20.70,6373258.14182276,0.00021627,352.28879452,16.72401403
20.80,6373288.96159462,0.00021897,353.88450534,16.65062449
20.90,6373319.89703388,0.00022169,355.47217007,16.57687330
21.00,6373350.94722082,0.00022443,357.05174733,16.50278729
21.10,6373382.11123332,0.00022719,358.62319839,16.42839327
21.20,6373413.38814707,0.00022997,360.18648714,16.35371799
21.30,6373444.77703581,0.00023277,361.74158010,16.27878816
21.40,6373476.27697158,0.00023558,363.28844640,16.20363037
21.50,6373507.88702492,0.00023842,364.82705781,16.12827112
21.60,6373539.60626511,0.00024127,366.35738866,16.05273678
21.70,6373571.43379665,0.00024414,367.88025127,15.98501004
21.80,6373603.36884023,0.00024703,369.39749037,15.93490077
21.90,6373635.41074151,0.00024994,370.91012406,15.89451390
22.00,6373667.55889058,0.00025286,372.41814514,15.85408800
22.10,6373699.81267743,0.00025581,373.92154390,15.81360006
22.20,6373732.17149183,0.00025877,375.42031169,15.77306018
22.30,6373764.63472347,0.00026175,376.91444087,15.73247850
22.40,6373797.20176202,0.00026475,378.40392483,15.69186511
22.50,6373829.87204032,0.00026777,379.88975828,15.66071819
22.60,6373862.64511036,0.00027081,381.37369865,15.64625259
22.70,6373895.52063325,0.00027386,382.85651371,15.63907026
22.80,6373928.49830400,0.00027694,384.33821797,15.63202898
22.90,6373961.57784536,0.00028003,385.81943966,15.63094304
23.00,6373994.75905206,0.00028314,387.30122369,15.63975248
23.10,6374028.04178252,0.00028627,388.78400848,15.65270813
23.20,6374061.42591517,0.00028942,390.26782396,15.66594183
23.30,6374094.91135690,0.00029259,391.75330841,15.68521308
23.40,6374128.49808399,0.00029577,393.24144737,15.71380578
23.50,6374162.18613117,0.00029898,394.73262748,15.74604922
23.60,6374195.97555147,0.00030220,396.22689785,15.77874895
23.70,6374229.86640168,0.00030545,397.72430745,15.81190365
23.80,6374263.85874239,0.00030871,399.22490555,15.84551625
23.90,6374297.95263802,0.00031199,400.72874175,15.87958972
24.00,6374332.14815680,0.00031529,402.23586595,15.91412707
24.10,6374366.44537080,0.00031861,403.74632837,15.94913134
24.20,6374400.84435599,0.00032195,405.26017957,15.98460562
24.30,6374435.34519222,0.00032531,406.77747042,16.02055303
24.40,6374469.94796324,0.00032868,408.29825212,16.05697671
24.50,6374504.65275673,0.00033208,409.82257621,16.09387986
24.60,6374539.45966433,0.00033550,411.35049454,16.13126571
24.70,6374574.36878167,0.00033893,412.88205933,16.16913754
24.80,6374609.38020833,0.00034239,414.41732313,16.20749865
24.90,6374644.49404796,0.00034586,415.95633883,16.24635239
25.00,6374679.71040820,0.00034936,417.49915968,16.28570217
25.10,6374715.02940077,0.00035287,419.04583928,16.32555141
25.20,6374750.45114397,0.00035641,420.59649072,16.36646378
25.30,6374785.97576794,0.00035996,422.15129267,16.40906041
25.40,6374821.60341499,0.00036354,423.71036646,16.45279868
25.50,6374857.33423446,0.00036713,425.27377003,16.49707820
25.60,6374893.16838011,0.00037075,426.84156165,16.54190239
25.70,6374929.10601007,0.00037439,428.41380000,16.58727537
25.80,6374965.14728692,0.00037804,429.99054420,16.63320134
25.90,6375001.29237768,0.00038172,431.57185379,16.67968453
26.00,6375037.54145387,0.00038541,433.15778873,16.72672923
26.10,6375073.89469153,0.00038913,434.74840946,16.77433982
26.20,6375110.35227123,0.00039287,436.34377682,16.82252070
26.30,6375146.91437809,0.00039663,437.94395212,16.87127635
26.40,6375183.58120187,0.00040041,439.54899714,16.92061132
26.50,6375220.35293692,0.00040421,441.15897411,16.97053021
26.60,6375257.22978228,0.00040803,442.77394572,17.02103769
26.70,6375294.21194165,0.00041187,444.39397515,17.07213849
26.80,6375331.29962347,0.00041573,446.01912605,17.12383742
26.90,6375368.49304092,0.00041962,447.64946256,17.17613934
27.00,6375405.79241998,0.00042352,449.28524220,17.23087990
27.10,6375443.19801456,0.00042745,450.92689322,17.28968032
27.20,6375480.71010574,0.00043140,452.57465600,17.35075892
27.30,6375518.32898700,0.00043537,454.22860565,17.41254819
27.40,6375556.05495741,0.00043936,455.88881787,17.47505393
27.50,6375593.88832162,0.00044337,457.55536901,17.53828303
27.60,6375631.82938994,0.00044741,459.22833614,17.60224249
27.70,6375669.87847835,0.00045146,460.90779703,17.66693943
27.80,6375708.03590861,0.00045554,462.59383017,17.73238106
27.90,6375746.30200822,0.00045964,464.28651476,17.79857473
28.00,6375784.67711055,0.00046377,465.98593076,17.86552788
28.10,6375823.16155484,0.00046791,467.69215885,17.93324808
28.20,6375861.75568628,0.00047208,469.40528049,18.00174301
28.30,6375900.45985604,0.00047627,471.12537791,18.07102048
28.40,6375939.27442131,0.00048048,472.85253411,18.14108840
28.50,6375978.19974540,0.00048471,474.58683291,18.21195484
28.60,6376017.23619776,0.00048897,476.32835891,18.28362796
28.70,6376056.38412345,0.00049325,478.07645250,18.34901930
28.80,6376095.64380835,0.00049755,479.83034873,18.40712423
28.90,6376135.01550508,0.00050188,481.59001793,18.46494289
29.00,6376174.49946719,0.00050623,483.35552679,18.52339282
29.10,6376214.09595314,0.00051060,485.12694255,18.58247975
29.20,6376253.80522631,0.00051499,486.90433296,18.64220878
29.30,6376293.62755502,0.00051941,488.68776628,18.70258508
29.40,6376333.56321262,0.00052385,490.47731128,18.76361386
29.50,6376373.61247746,0.00052832,492.27303726,18.82530041
29.60,6376413.77563296,0.00053281,494.07501404,18.88765009
29.70,6376454.05296762,0.00053732,495.88331197,18.95066831
29.80,6376494.44477508,0.00054185,497.69800195,19.01436056
29.90,6376534.95135413,0.00054641,499.51915542,19.07873238
30.00,6376575.57300875,0.00055100,501.34684438,19.14378941
30.10,6376616.31004815,0.00055561,503.18114137,19.20953732
30.20,6376657.16278680,0.00056024,505.02211952,19.27598188
30.30,6376698.13154449,0.00056489,506.86985252,19.34312892
30.40,6376739.21664631,0.00056957,508.72441464,19.41098433
30.50,6376780.41842274,0.00057428,510.58588072,19.47955410
30.60,6376821.73720967,0.00057901,512.45432623,19.54884426
30.70,6376863.17334842,0.00058376,514.32982721,19.61886093
30.80,6376904.72718580,0.00058854,516.21246032,19.68961032
30.90,6376946.39907416,0.00059334,518.10230282,19.76109868
31.00,6376988.18937138,0.00059817,519.99943260,19.83333237
31.10,6377030.09844096,0.00060302,521.90392820,19.90631781
31.20,6377072.12665202,0.00060790,523.81586875,19.98006150
31.30,6377114.27437937,0.00061280,525.73533406,20.05457002
31.40,6377156.54200354,0.00061773,527.66240459,20.12985003
31.50,6377198.92991082,0.00062268,529.59716145,20.20590827
31.60,6377241.43849154,0.00062766,531.53964251,20.28233126
31.70,6377284.06809632,0.00063266,533.48883661,20.34907210
31.80,6377326.81899541,0.00063769,535.44376408,20.40643072
31.90,6377369.69142161,0.00064275,537.40448326,20.46434405
32.00,6377412.68561197,0.00064783,539.37105374,20.52282406
32.10,6377455.80180784,0.00065294,541.34353545,20.58187439
32.20,6377499.04025490,0.00065807,543.32198866,20.64149868
32.30,6377542.40120313,0.00066323,545.30647404,20.70170061
32.40,6377585.88490692,0.00066841,547.29705259,20.76248388
32.50,6377629.49162500,0.00067363,549.29378567,20.82385220
32.60,6377673.22162052,0.00067886,551.29673504,20.88580934
32.70,6377717.07516105,0.00068413,553.30596278,20.94835908
32.80,6377761.05251857,0.00068942,555.32153137,21.01150522
32.90,6377805.15396956,0.00069474,557.34350366,21.07525160
33.00,6377849.37978198,0.00070008,559.37161506,21.13645696
33.10,6377893.73019106,0.00070545,561.40531674,21.19239436
33.20,6377938.20540089,0.00071085,563.44438195,21.24615213
33.30,6377982.80560824,0.00071627,565.48886291,21.30040641
33.40,6378027.53101365,0.00072173,567.53881243,21.35516260
33.50,6378072.38182147,0.00072720,569.59428356,21.41042348
33.60,6378117.35823986,0.00073271,571.65532961,21.46619186
33.70,6378162.46048080,0.00073824,573.72200422,21.52247057
33.80,6378207.68876010,0.00074380,575.79436124,21.57926244
33.90,6378253.04329745,0.00074939,577.87245484,21.63657029
34.00,6378298.52431638,0.00075501,579.95633944,21.69439700
34.10,6378344.13204432,0.00076065,582.04606977,21.75274542
34.20,6378389.86671260,0.00076632,584.14170081,21.81161843
34.30,6378435.72855643,0.00077202,586.24328782,21.87101891
34.40,6378481.71781499,0.00077775,588.35088636,21.93094978
34.50,6378527.83473136,0.00078350,590.46455226,21.99141393
34.60,6378574.07955259,0.00078928,592.58434163,22.05241430
34.70,6378620.45252971,0.00079509,594.71031087,22.11395382
34.80,6378666.95391772,0.00080093,596.84251666,22.17603543
34.90,6378713.58397561,0.00080680,598.98101596,22.23866210
35.00,6378760.34296639,0.00081270,601.12586603,22.30183678
35.10,6378807.23115710,0.00081862,603.27712440,22.36556247
35.20,6378854.24881882,0.00082457,605.43484890,22.42984214
35.30,6378901.39622667,0.00083055,607.59909764,22.49467882
35.40,6378948.67365987,0.00083656,609.76992903,22.56007550
35.50,6378996.08137650,0.00084260,611.94675269,22.61978954
35.60,6379043.61957356,0.00084867,614.12859603,22.67014309
35.70,6379091.28839710,0.00085477,616.31512727,22.71729956
35.80,6379139.08798174,0.00086089,618.50638915,22.76486215
35.90,6379187.01846517,0.00086705,620.70242511,22.81283735
36.00,6379235.07998824,0.00087323,622.90327876,22.86122735
36.10,6379283.27269498,0.00087945,625.10899397,22.91003437
36.20,6379331.59673254,0.00088569,627.31961481,22.95926060
36.30,6379380.05225126,0.00089196,629.53518556,23.00890825
36.40,6379428.63940467,0.00089827,631.75575071,23.05897952
36.50,6379477.35834948,0.00090460,633.98135500,23.10947663
36.60,6379526.20924562,0.00091096,636.21204333,23.16040177
36.70,6379575.19225623,0.00091735,638.44786088,23.21175717
36.80,6379624.30754766,0.00092377,640.68885300,23.26354503
36.90,6379673.55528951,0.00093022,642.93506527,23.31576759
37.00,6379722.93565463,0.00093671,645.18654349,23.36842704
37.10,6379772.44881911,0.00094322,647.44333367,23.42152562
37.20,6379822.09496232,0.00094976,649.70548204,23.47506555
37.30,6379871.87426689,0.00095633,651.97303505,23.52904906
37.40,6379921.78691876,0.00096293,654.24603936,23.58347836
37.50,6379971.83310714,0.00096957,656.52454185,23.63835570
37.60,6380022.01302458,0.00097623,658.80858960,23.69368330
37.70,6380072.32686690,0.00098292,661.09822994,23.74946340
37.80,6380122.77483330,0.00098965,663.39351039,23.80569824
37.90,6380173.35712627,0.00099640,665.69447869,23.86239005
38.00,6380224.07395168,0.00100319,668.00118280,23.91954108
38.10,6380274.92551875,0.00101001,670.31367090,23.97715357
38.20,6380325.91204005,0.00101685,672.63199139,24.03522976
38.30,6380377.03373154,0.00102373,674.95619287,24.09377190
38.40,6380428.29081258,0.00103064,677.28632417,24.15278224
38.50,6380479.68350590,0.00103759,679.62243433,24.21226303
38.60,6380531.21203766,0.00104456,681.96457261,24.27221653
38.70,6380582.87663742,0.00105156,684.31278849,24.33264499
38.80,6380634.67753818,0.00105860,686.66713167,24.39355066
38.90,6380686.61497638,0.00106567,689.02765204,24.45493582
39.00,6380738.68919188,0.00107277,691.39439975,24.51680270
39.10,6380790.90042802,0.00107990,693.76742513,24.57915359
39.20,6380843.24893161,0.00108706,696.14677874,24.64199074
39.30,6380895.73495292,0.00109426,698.53251137,24.70531642
39.40,6380948.35874571,0.00110149,700.92467399,24.76913289
39.50,6381001.12056724,0.00110875,703.32331783,24.83344242
39.60,6381054.02067827,0.00111604,705.72849432,24.89824729
39.70,6381107.05935739,0.00112336,708.14063646,24.96723380
39.80,6381160.23692247,0.00113072,710.56036803,25.04224560
39.90,6381213.55372320,0.00113811,712.98792576,25.11954584
40.00,6381267.01011918,0.00114553,715.42334990,25.19723710
40.10,6381320.60647250,0.00115299,717.86668057,25.27531805
40.20,6381374.34314776,0.00116047,720.31795790,25.35378936
40.30,6381428.22051207,0.00116800,722.77722212,25.43265169
40.40,6381482.23893500,0.00117555,725.24451348,25.51190569
40.50,6381536.39878865,0.00118314,727.71987229,25.59155202
40.60,6381590.70044762,0.00119076,730.20333893,25.67159134
40.70,6381645.14428900,0.00119841,732.69495381,25.75202432
40.80,6381699.73069238,0.00120610,735.19475740,25.83285161
40.90,6381754.46003984,0.00121382,737.70279024,25.91407386
41.00,6381809.33271598,0.00122158,740.21909291,25.99569175
41.10,6381864.34910790,0.00122937,742.74370603,26.07770592
41.20,6381919.50960518,0.00123719,745.27667030,26.16011704
41.30,6381974.81459992,0.00124505,747.81802646,26.24292576
41.40,6382030.26448672,0.00125294,750.36781530,26.32613275
41.50,6382085.85966267,0.00126087,752.92607767,26.40973865
41.60,6382141.60052737,0.00126883,755.49285446,26.49374414
41.70,6382197.48748293,0.00127682,758.06818664,26.57814986
41.80,6382253.52093396,0.00128485,760.65211521,26.66295647
41.90,6382309.70128757,0.00129292,763.24468124,26.74816462
42.00,6382366.02895337,0.00130102,765.84592583,26.83377498
42.10,6382422.50434347,0.00130915,768.45589016,26.91978820
42.20,6382479.12787252,0.00131732,771.07461545,27.00620493
42.30,6382535.89995763,0.00132553,773.70214297,27.09302583
42.40,6382592.82101845,0.00133377,776.33851406,27.18025155
42.50,6382649.89147711,0.00134204,778.98377009,27.26788274
42.60,6382707.11175826,0.00135036,781.63795250,27.35592006
42.70,6382764.48228908,0.00135870,784.30110279,27.44436415
42.80,6382822.00349921,0.00136709,786.97326249,27.53321567
42.90,6382879.67582083,0.00137551,789.65447320,27.62247526
43.00,6382937.49968864,0.00138396,792.34477657,27.71214358
43.10,6382995.47553981,0.00139246,795.04421430,27.80222128
43.20,6383053.60381406,0.00140099,797.75282815,27.89270899
43.30,6383111.88495360,0.00140955,800.47065993,27.98360737
43.40,6383170.31940315,0.00141815,803.19775150,28.07491706
43.50,6383228.90760996,0.00142679,805.93414478,28.16663871
43.60,6383287.65002377,0.00143547,808.67988173,28.25877296
43.70,6383346.54709685,0.00144418,811.43500439,28.35132045
43.80,6383405.59928397,0.00145293,814.19955482,28.44428183
43.90,6383464.80704242,0.00146172,816.97357515,28.53765773
44.00,6383524.17083202,0.00147054,819.75710757,28.63144879
44.10,6383583.69111509,0.00147940,822.55019431,28.72565566
44.20,6383643.36835646,0.00148830,825.35287766,28.82027897
44.30,6383703.20302349,0.00149724,828.16519996,28.91531935
44.40,6383763.19558605,0.00150621,830.98720361,29.01077745
44.50,6383823.34651654,0.00151523,833.81893104,29.10665389
44.60,6383883.65628988,0.00152428,836.66042476,29.20294931
44.70,6383944.12538348,0.00153337,839.51172733,29.29966434
44.80,6384004.75427730,0.00154250,842.37288134,29.39679961
44.90,6384065.54345382,0.00155167,845.24392945,29.49435575
45.00,6384126.49339803,0.00156087,848.12491438,29.59233340
45.10,6384187.60459744,0.00157012,851.01587888,29.69073317
45.20,6384248.87754211,0.00157940,853.91686578,29.78955570
45.30,6384310.31272459,0.00158872,856.82791794,29.88880160
45.40,6384371.91063997,0.00159808,859.74907828,29.98847151
45.50,6384433.67178588,0.00160748,862.68038978,30.08856604
45.60,6384495.59666244,0.00161692,865.62189545,30.18908582
45.70,6384557.68577234,0.00162640,868.57363838,30.29003148
45.80,6384619.93962078,0.00163592,871.53566170,30.39140362
45.90,6384682.35871547,0.00164548,874.50800858,30.49320287
46.00,6384744.94356667,0.00165508,877.49072227,30.59542984
46.10,6384807.69468718,0.00166473,880.48384605,30.69808516
46.20,6384870.61259232,0.00167441,883.48742326,30.80116944
46.30,6384933.69779992,0.00168413,886.50149729,30.90468329
46.40,6384996.95083039,0.00169389,889.52611158,31.00862733
46.50,6385060.37220664,0.00170369,892.56130963,31.11300217
46.60,6385123.96245412,0.00171353,895.60713498,31.21780842
46.70,6385187.72210082,0.00172342,898.66363125,31.32304669
46.80,6385251.65167727,0.00173334,901.73084207,31.42871760
46.90,6385315.75171653,0.00174331,904.80881115,31.53482176
47.00,6385380.02275422,0.00175332,907.89758225,31.64135977
47.10,6385444.46532847,0.00176337,910.99719917,31.74833224
47.20,6385509.07997996,0.00177346,914.10770578,31.85573978
47.30,6385573.86725193,0.00178359,917.22914599,31.96358300
47.40,6385638.82769014,0.00179377,920.36156376,32.07186251
47.50,6385703.96184290,0.00180399,923.50500310,32.18057890
47.60,6385769.27026108,0.00181425,926.65950810,32.28973279
47.70,6385834.75349807,0.00182455,929.82512287,32.39932478
47.80,6385900.41210983,0.00183489,933.00189158,32.50935548
47.90,6385966.24665485,0.00184528,936.18985845,32.61982550
48.00,6386032.25769419,0.00185571,939.38906777,32.73073543
48.10,6386098.44579144,0.00186619,942.59956387,32.84208588
48.20,6386164.81151276,0.00187670,945.82139113,32.95387747
48.30,6386231.35542684,0.00188726,949.05459399,33.06611078
48.40,6386298.07810494,0.00189787,952.29921693,33.17878643
48.50,6386364.98012087,0.00190852,955.55530449,33.29190503
48.60,6386432.06205101,0.00191921,958.82290128,33.40546718
48.70,6386499.32447428,0.00192994,962.10205194,33.51947348
48.80,6386566.76797215,0.00194072,965.39280116,33.63392455
48.90,6386634.39312869,0.00195155,968.69519370,33.74882098
49.00,6386702.20053049,0.00196241,972.00927438,33.86416340
49.10,6386770.19076673,0.00197333,975.33508804,33.97995241
49.20,6386838.36442913,0.00198428,978.67267962,34.09618861
49.30,6386906.72211201,0.00199529,982.02209406,34.21287263
49.40,6386975.26441221,0.00200633,985.38337641,34.33000506
49.50,6387043.99192919,0.00201743,988.75657172,34.44758654
49.60,6387112.90526494,0.00202857,992.14172515,34.56561767
49.70,6387182.00502405,0.00203975,995.53888187,34.68409907
49.80,6387251.29181366,0.00205098,998.94808713,34.80303135
49.90,6387320.76624350,0.00206225,1002.36938622,34.92241515
50.00,6387390.42892587,0.00207357,1005.80282449,35.04225108
50.10,6387460.11403708,0.00208491,1004.45056915,-15.24790577
50.20,6387529.65568009,0.00209625,1003.10510951,-15.18975867
50.30,6387599.05440454,0.00210757,1001.76872839,-15.11149168
50.40,6387668.31083403,0.00211889,1000.44129727,-15.03450481
50.50,6387737.42558243,0.00213020,999.12268876,-14.95878459
50.60,6387806.39925410,0.00214150,997.81277780,-14.88430735
50.70,6387875.23244398,0.00215279,996.51144157,-14.81104995
50.80,6387943.92573781,0.00216408,995.21855949,-14.73898972
50.90,6388012.47971228,0.00217536,993.93401310,-14.66810448
51.00,6388080.89493517,0.00218663,992.65768612,-14.59837248
51.10,6388149.17196558,0.00219790,991.38946429,-14.52977247
51.20,6388217.31135399,0.00220916,990.12923541,-14.46228359
51.30,6388285.31364248,0.00222041,988.87688929,-14.39588547
51.40,6388353.17936488,0.00223166,987.63231764,-14.33055810
51.50,6388420.90904687,0.00224290,986.39541414,-14.26628193
51.60,6388488.50320616,0.00225413,985.16607429,-14.20303779
51.70,6388555.96235263,0.00226535,983.94419545,-14.14080691
51.80,6388623.28698845,0.00227657,982.72967678,-14.07957088
51.90,6388690.47760822,0.00228778,981.52241918,-14.01931171
52.00,6388757.53469911,0.00229899,980.32232530,-13.96001172
52.10,6388824.45874100,0.00231019,979.12929944,-13.90165365
52.20,6388891.25020656,0.00232138,977.94324760,-13.84422053
52.30,6388957.90956144,0.00233257,976.76407738,-13.78769577
52.40,6389024.43726433,0.00234375,975.59169797,-13.73206310
52.50,6389090.83376713,0.00235493,974.42602012,-13.67730658
52.60,6389157.09951503,0.00236610,973.26695612,-13.62341059
52.70,6389223.23494665,0.00237726,972.11441974,-13.57035981
52.80,6389289.24049411,0.00238842,970.96832623,-13.51813923
52.90,6389355.11658322,0.00239957,969.82859228,-13.46673416
53.00,6389420.86363350,0.00241072,968.69513600,-13.41613017
53.10,6389486.48205835,0.00242186,967.56787686,-13.36631313
53.20,6389551.97226510,0.00243299,966.44673570,-13.31726918
53.30,6389617.33465517,0.00244412,965.33163471,-13.26898475
53.40,6389682.56962412,0.00245525,964.22249735,-13.22144652
53.50,6389747.67756179,0.00246636,963.11924839,-13.17464143
53.60,6389812.65885234,0.00247748,962.02181386,-13.12855669
53.70,6389877.51387441,0.00248859,960.93012098,-13.08317975
53.80,6389942.24300115,0.00249969,959.84409824,-13.03849829
53.90,6390006.84660038,0.00251079,958.76367526,-12.99450026
54.00,6390071.32503461,0.00252188,957.68878286,-12.95117381
54.10,6390135.67866134,0.00253297,956.61935877,-12.90845947
54.20,6390199.90783472,0.00254405,955.55538113,-12.86602104
54.30,6390264.01290659,0.00255513,954.49682167,-12.82391121
54.40,6390327.99422502,0.00256620,953.44361224,-12.78245865
54.50,6390391.85213300,0.00257727,952.39568581,-12.74165175
54.60,6390455.58696846,0.00258833,951.35297651,-12.70147904
54.70,6390519.19906445,0.00259939,950.31541956,-12.66192924
54.80,6390582.68874916,0.00261045,949.28295130,-12.62299133
54.90,6390646.05634601,0.00262150,948.25550912,-12.58465449
55.00,6390709.30217373,0.00263254,947.23303147,-12.54690813
55.10,6390772.42654649,0.00264358,946.21545783,-12.50974184
55.20,6390835.42977387,0.00265462,945.20272871,-12.47314544
55.30,6390898.31216105,0.00266565,944.19478559,-12.43710894
55.40,6390961.07400881,0.00267668,943.19157093,-12.40162256
55.50,6391023.71561362,0.00268770,942.19302815,-12.36667670
55.60,6391086.23726773,0.00269872,941.19910162,-12.33226193
55.70,6391148.63925920,0.00270973,940.20973660,-12.29836904
55.80,6391210.92187203,0.00272074,939.22487928,-12.26498898
55.90,6391273.08538616,0.00273175,938.24447674,-12.23211287
56.00,6391335.13007757,0.00274275,937.26847690,-12.19973201
56.10,6391397.05621836,0.00275375,936.29682856,-12.16783787
56.20,6391458.86407678,0.00276474,935.32948135,-12.13642208
56.30,6391520.55391731,0.00277573,934.36638574,-12.10547644
56.40,6391582.12600071,0.00278672,933.40749297,-12.07499289
56.50,6391643.58058411,0.00279770,932.45275510,-12.04496354
56.60,6391704.91792101,0.00280868,931.50212498,-12.01538065
56.70,6391766.13826140,0.00281965,930.55555619,-11.98623661
56.80,6391827.24185180,0.00283062,929.61300310,-11.95752399
56.90,6391888.22893529,0.00284159,928.67442078,-11.92923546
57.00,6391949.09975157,0.00285255,927.73976505,-11.90136386
57.10,6392009.85453704,0.00286351,926.80899242,-11.87390216
57.20,6392070.49352485,0.00287446,925.88206013,-11.84684344
57.30,6392131.01694492,0.00288542,924.95892607,-11.82018095
57.40,6392191.42502402,0.00289637,924.03954882,-11.79390803
57.50,6392251.71798579,0.00290731,923.12388763,-11.76801816
57.60,6392311.89605084,0.00291825,922.21190239,-11.74250495
57.70,6392371.95943674,0.00292919,921.30355362,-11.71736213
57.80,6392431.90835812,0.00294012,920.39880248,-11.69258352
57.90,6392491.74302666,0.00295106,919.49761074,-11.66816309
58.00,6392551.46365119,0.00296198,918.59994079,-11.64409490
58.10,6392611.07043769,0.00297291,917.70575559,-11.62037314
58.20,6392670.56358939,0.00298383,916.81501870,-11.59699207
58.30,6392729.94330674,0.00299475,915.92769425,-11.57394610
58.40,6392789.20978750,0.00300566,915.04374693,-11.55122973
58.50,6392848.36322679,0.00301657,914.16314200,-11.52883754
58.60,6392907.40381709,0.00302748,913.28584526,-11.50676423
58.70,6392966.33174832,0.00303839,912.41182302,-11.48500459
58.80,6393025.14720785,0.00304929,911.54104214,-11.46355352
58.90,6393083.85038056,0.00306019,910.67347001,-11.44240599
59.00,6393142.44144887,0.00307108,909.80907449,-11.42155707
59.10,6393200.92059277,0.00308198,908.94782398,-11.40100194
59.20,6393259.28798986,0.00309287,908.08968735,-11.38073584
59.30,6393317.54381540,0.00310376,907.23463395,-11.36075410
59.40,6393375.68824235,0.00311464,906.38263362,-11.34105215
59.50,6393433.72144135,0.00312552,905.53365665,-11.32162550
59.60,6393491.64358083,0.00313640,904.68767380,-11.30246972
59.70,6393549.45482700,0.00314727,903.84465627,-11.28358049
59.80,6393607.15534388,0.00315815,903.00457573,-11.26495354
59.90,6393664.74529336,0.00316902,902.16740426,-11.24658469
60.00,6393722.22483521,0.00317988,901.33311438,-11.22846985
60.10,6393779.59412712,0.00319075,900.50167902,-11.21060496
60.20,6393836.85332472,0.00320161,899.67307155,-11.19298609
60.30,6393894.00258164,0.00321247,898.84726572,-11.17560932
60.40,6393951.04204950,0.00322333,898.02423570,-11.15847085
60.50,6394007.97187796,0.00323418,897.20395605,-11.14156692
60.60,6394064.79221477,0.00324503,896.38640172,-11.12489384
60.70,6394121.50320575,0.00325588,895.57154803,-11.10844798
60.80,6394178.10499486,0.00326672,894.75937069,-11.09222580
60.90,6394234.59772420,0.00327757,893.94984578,-11.07622380
61.00,6394290.98153407,0.00328841,893.14294974,-11.06043854
61.10,6394347.25656295,0.00329925,892.33865935,-11.04486664
61.20,6394403.42294758,0.00331008,891.53695178,-11.02950480
61.30,6394459.48082293,0.00332092,890.73780450,-11.01434976
61.40,6394515.43032227,0.00333175,889.94119537,-10.99939831
61.50,6394571.27157718,0.00334258,889.14710255,-10.98464731
61.60,6394627.00471756,0.00335340,888.35550453,-10.97009367
61.70,6394682.62987168,0.00336423,887.56638016,-10.95573436
61.80,6394738.14716618,0.00337505,886.77970856,-10.94156639
61.90,6394793.55672611,0.00338587,885.99546919,-10.92758683
62.00,6394848.85867495,0.00339668,885.21364183,-10.91379279
62.10,6394904.05313462,0.00340750,884.43420655,-10.90018145
62.20,6394959.14022551,0.00341831,883.65714372,-10.88675003
62.30,6395014.12006653,0.00342912,882.88243401,-10.87349577
62.40,6395068.99277506,0.00343993,882.11005837,-10.86041601
62.50,6395123.75846706,0.00345073,881.33999805,-10.84750809
62.60,6395178.41725702,0.00346154,880.57223456,-10.83476941
62.70,6395232.96925802,0.00347234,879.80674972,-10.82219742
62.80,6395287.41458173,0.00348314,879.04352560,-10.80978962
62.90,6395341.75333845,0.00349393,878.28254453,-10.79754353
63.00,6395395.98563709,0.00350473,877.52378912,-10.78545672
63.10,6395450.11158526,0.00351552,876.76724224,-10.77352682
63.20,6395504.13128919,0.00352631,876.01288701,-10.76175147
63.30,6395558.04485386,0.00353710,875.26070680,-10.75012838
63.40,6395611.85238292,0.00354789,874.51068524,-10.73865527
63.50,6395665.55397877,0.00355867,873.76280620,-10.72732991
63.60,6395719.14974255,0.00356945,873.01705377,-10.71615012
63.70,6395772.63977418,0.00358023,872.27341231,-10.70511374
63.80,6395826.02417234,0.00359101,871.53186638,-10.69421865
63.90,6395879.30303453,0.00360179,870.79240081,-10.68346276
64.00,6395932.47645705,0.00361256,870.05500061,-10.67284403
64.10,6395985.54453505,0.00362333,869.31965106,-10.66236045
64.20,6396038.50736251,0.00363411,868.58633761,-10.65201002
64.30,6396091.36503229,0.00364487,867.85504597,-10.64179080
64.40,6396144.11763612,0.00365564,867.12576205,-10.63170088
64.50,6396196.76526462,0.00366641,866.39847194,-10.62173836
64.60,6396249.30800735,0.00367717,865.67316198,-10.61190140
64.70,6396301.74595276,0.00368793,864.94981869,-10.60218817
64.80,6396354.07918826,0.00369869,864.22842879,-10.59259687
64.90,6396406.30780022,0.00370945,863.50897922,-10.58312574
65.00,6396458.43187396,0.00372020,862.79145707,-10.57377305
65.10,6396510.45149380,0.00373096,862.07584967,-10.56453709
65.20,6396562.36674305,0.00374171,861.36214450,-10.55541617
65.30,6396614.17770403,0.00375246,860.65032926,-10.54640864
65.40,6396665.88445809,0.00376321,859.94039181,-10.53751288
65.50,6396717.48708561,0.00377396,859.23232020,-10.52872729
65.60,6396768.98566602,0.00378470,858.52610264,-10.52005029
65.70,6396820.38027783,0.00379545,857.82172755,-10.51148034
65.80,6396871.67099860,0.00380619,857.11918348,-10.50301590
65.90,6396922.85790499,0.00381693,856.41845920,-10.49465549
66.00,6396973.94107276,0.00382767,855.71954360,-10.48639762
66.10,6397024.92057680,0.00383840,855.02242577,-10.47824085
66.20,6397075.79649109,0.00384914,854.32709494,-10.47018374
66.30,6397126.56888877,0.00385987,853.63354051,-10.46222489
66.40,6397177.23784213,0.00387061,852.94175203,-10.45436292
66.50,6397227.80342260,0.00388134,852.25171923,-10.44659646
66.60,6397278.26570079,0.00389207,851.56343197,-10.43892417
66.70,6397328.62474649,0.00390279,850.87688027,-10.43134474
66.80,6397378.88062870,0.00391352,850.19205428,-10.42385687
66.90,6397429.03341559,0.00392424,849.50894434,-10.41645928
67.00,6397479.08317456,0.00393497,848.82754090,-10.40915071
67.10,6397529.02997224,0.00394569,848.14783456,-10.40192992
67.20,6397578.87387448,0.00395641,847.46981607,-10.39479570
67.30,6397628.61494639,0.00396713,846.79347630,-10.38774685
67.40,6397678.25325232,0.00397784,846.11880628,-10.38078218
67.50,6397727.78885588,0.00398856,845.44579716,-10.37390053
67.60,6397777.22181997,0.00399927,844.77444023,-10.36710077
67.70,6397826.55220676,0.00400999,844.10472691,-10.36038175
67.80,6397875.78007772,0.00402070,843.43664874,-10.35374239
67.90,6397924.90549361,0.00403141,842.77019740,-10.34718157
68.00,6397973.92851451,0.00404211,842.10536469,-10.34069824
68.10,6398022.84919982,0.00405282,841.44214254,-10.33429132
68.20,6398071.66760826,0.00406353,840.78052300,-10.32795978
68.30,6398120.38379790,0.00407423,840.12049822,-10.32170259
68.40,6398168.99782614,0.00408493,839.46206051,-10.31551874
68.50,6398217.50974973,0.00409564,838.80520226,-10.30940724
68.60,6398265.91962482,0.00410634,838.14991598,-10.30336711
68.70,6398314.22750687,0.00411703,837.49619433,-10.29739738
68.80,6398362.43345078,0.00412773,836.84403003,-10.29149710
68.90,6398410.53751079,0.00413843,836.19341596,-10.28566534
69.00,6398458.53974056,0.00414912,835.54434506,-10.27990117
69.10,6398506.44019315,0.00415982,834.89681042,-10.27420370
69.20,6398554.23892101,0.00417051,834.25080522,-10.26857201
69.30,6398601.93597602,0.00418120,833.60632275,-10.26300525
69.40,6398649.53140950,0.00419189,832.96335638,-10.25750253
69.50,6398697.02527219,0.00420258,832.32189961,-10.25206300
69.60,6398744.41761424,0.00421326,831.68194603,-10.24668583
69.70,6398791.70848530,0.00422395,831.04348934,-10.24137018
69.80,6398838.89793443,0.00423463,830.40652331,-10.23611525
69.90,6398885.98601018,0.00424532,829.77104184,-10.23092021
70.00,6398932.97276054,0.00425600,829.13703890,-10.22578430
70.10,6398979.85823299,0.00426668,828.50450857,-10.22070671
70.20,6399026.64247448,0.00427736,827.87344501,-10.21568669
70.30,6399073.32553147,0.00428804,827.24384249,-10.21072348
70.40,6399119.90744989,0.00429871,826.61569534,-10.20581633
70.50,6399166.38827517,0.00430939,825.98899801,-10.20096451
70.60,6399212.76805226,0.00432007,825.36374502,-10.19616729
70.70,6399259.04682562,0.00433074,824.73993098,-10.19142397
70.80,6399305.22463920,0.00434141,824.11755060,-10.18673383
70.90,6399351.30153652,0.00435208,823.49659864,-10.18209619
71.00,6399397.27756059,0.00436275,822.87706998,-10.17751036
71.10,6399443.15275398,0.00437342,822.25895956,-10.17297568
71.20,6399488.92715879,0.00438409,821.64226241,-10.16849147
71.30,6399534.60081668,0.00439476,821.02697363,-10.16405709
71.40,6399580.17376884,0.00440542,820.41308842,-10.15967189
71.50,6399625.64605604,0.00441609,819.80060204,-10.15533525
71.60,6399671.01771861,0.00442675,819.18950982,-10.15104652
71.70,6399716.28879644,0.00443741,818.57980719,-10.14680511
71.80,6399761.45932900,0.00444808,817.97148963,-10.14261040
71.90,6399806.52935534,0.00445874,817.36455272,-10.13846180
72.00,6399851.49891409,0.00446939,816.75899208,-10.13435871
72.10,6399896.36804348,0.00448005,816.15480343,-10.13030056
72.20,6399941.13678133,0.00449071,815.55198255,-10.12628677
72.30,6399985.80516505,0.00450137,814.95052529,-10.12231677
72.40,6400030.37323168,0.00451202,814.35042757,-10.11839002
72.50,6400074.84101783,0.00452268,813.75168538,-10.11450597
72.60,6400119.20855977,0.00453333,813.15429477,-10.11066406
72.70,6400163.47589335,0.00454398,812.55825186,-10.10686378
72.80,6400207.64305407,0.00455463,811.96355285,-10.10310460
72.90,6400251.71007704,0.00456528,811.37019398,-10.09938599
73.00,6400295.67699702,0.00457593,810.77817157,-10.09570745
73.10,6400339.54384839,0.00458658,810.18748200,-10.09206848
73.20,6400383.31066518,0.00459723,809.59812172,-10.08846858
73.30,6400426.97748107,0.00460787,809.01008721,-10.08490726
73.40,6400470.54432938,0.00461852,808.42337505,-10.08138403
73.50,6400514.01124309,0.00462916,807.83798185,-10.07789844
73.60,6400557.37825484,0.00463980,807.25390431,-10.07444999
73.70,6400600.64539693,0.00465045,806.67113916,-10.07103824
73.80,6400643.81270133,0.00466109,806.08968320,-10.06766273
73.90,6400686.88019966,0.00467173,805.50953328,-10.06432301
74.00,6400729.84792325,0.00468237,804.93068631,-10.06101863
74.10,6400772.71590309,0.00469301,804.35313927,-10.05774916
74.20,6400815.48416983,0.00470364,803.77688917,-10.05451417
74.30,6400858.15275385,0.00471428,803.20193308,-10.05131324
74.40,6400900.72168518,0.00472492,802.62826814,-10.04814594
74.50,6400943.19099357,0.00473555,802.05589153,-10.04501187
74.60,6400985.56070846,0.00474618,801.48480048,-10.04191061
74.70,6401027.83085898,0.00475682,800.91499227,-10.03884176
74.80,6401070.00147397,0.00476745,800.34646423,-10.03580494
74.90,6401112.07258198,0.00477808,799.77921377,-10.03279974
75.00,6401154.04421127,0.00478871,799.21323829,-10.02982578
75.10,6401195.91638982,0.00479934,798.64853530,-10.02688269
75.20,6401237.68914532,0.00480997,798.08510233,-10.02397008
75.30,6401279.36250517,0.00482060,797.52293694,-10.02108760
75.40,6401320.93649652,0.00483122,796.96203676,-10.01823487
75.50,6401362.41114622,0.00484185,796.40239948,-10.01541153
75.60,6401403.78648088,0.00485248,795.84402280,-10.01261723
75.70,6401445.06252682,0.00486310,795.28690449,-10.00985163
75.80,6401486.23931011,0.00487372,794.73104236,-10.00711436
75.90,6401527.31685654,0.00488435,794.17643425,-10.00440511
76.00,6401568.29519168,0.00489497,793.62307807,-10.00172352
76.10,6401609.17434080,0.00490559,793.07097175,-9.99906927
76.20,6401649.95432896,0.00491621,792.52011327,-9.99644204
76.30,6401690.63518095,0.00492683,791.97050066,-9.99384149
76.40,6401731.21692131,0.00493745,791.42213198,-9.99126732
76.50,6401771.69957435,0.00494807,790.87500532,-9.98871920
76.60,6401812.08316414,0.00495868,790.32911885,-9.98619683
76.70,6401852.36771450,0.00496930,789.78447074,-9.98369990
76.80,6401892.55324904,0.00497991,789.24105922,-9.98122811
76.90,6401932.63979111,0.00499053,788.69888255,-9.97878117
77.00,6401972.62736384,0.00500114,788.15793904,-9.97635878
77.10,6402012.51599014,0.00501176,787.61822701,-9.97396065
77.20,6402052.30569271,0.00502237,787.07974486,-9.97158650
77.30,6402091.99649399,0.00503298,786.54249099,-9.96923604
77.40,6402131.58841623,0.00504359,786.00646385,-9.96690899
77.50,6402171.08148146,0.00505420,785.47166194,-9.96460509
77.60,6402210.47571152,0.00506481,784.93808512,-9.96231679
77.70,6402249.77112823,0.00507542,784.40573765,-9.96002070
77.80,6402288.96775344,0.00508603,783.87462230,-9.95772472
77.90,6402328.06560888,0.00509663,783.34473743,-9.95545251
78.00,6402367.06471608,0.00510724,782.81608143,-9.95320378
78.10,6402405.96509634,0.00511785,782.28865273,-9.95097825
78.20,6402444.76677075,0.00512845,781.76244981,-9.94877562
78.30,6402483.46976017,0.00513906,781.23747118,-9.94659562
78.40,6402522.07408529,0.00514966,780.71371538,-9.94443796
78.50,6402560.57976655,0.00516026,780.19118100,-9.94230237
78.60,6402598.98682422,0.00517086,779.66986665,-9.94018858
78.70,6402637.29527834,0.00518146,779.14977099,-9.93809633
78.80,6402675.50514878,0.00519207,778.63089271,-9.93602534
78.90,6402713.61645518,0.00520267,778.11323054,-9.93397537
79.00,6402751.62921700,0.00521327,777.59678325,-9.93194615
79.10,6402789.54345352,0.00522386,777.08154961,-9.92993743
79.20,6402827.35918381,0.00523446,776.56752847,-9.92794897
79.30,6402865.07642677,0.00524506,776.05471868,-9.92598052
79.40,6402902.69520109,0.00525566,775.54311913,-9.92403183
79.50,6402940.21552530,0.00526625,775.03272875,-9.92210267
79.60,6402977.63741773,0.00527685,774.52354651,-9.92019281
79.70,6403014.96089655,0.00528744,774.01557138,-9.91830200
79.80,6403052.18597973,0.00529804,773.50880240,-9.91643003
79.90,6403089.31268508,0.00530863,773.00323860,-9.91457666
80.00,6403126.34103024,0.00531922,772.49887907,-9.91274168
80.10,6403163.27103266,0.00532981,771.99572293,-9.91092487
80.20,6403200.10270965,0.00534040,771.49376930,-9.90912600
80.30,6403236.83607831,0.00535100,770.99301737,-9.90734486
80.40,6403273.47115562,0.00536159,770.49346632,-9.90558125
80.50,6403310.00795838,0.00537217,769.99511539,-9.90383496
80.60,6403346.44650320,0.00538276,769.49796383,-9.90210577
80.70,6403382.78680658,0.00539335,769.00201091,-9.90039350
80.80,6403419.02888482,0.00540394,768.50725595,-9.89869793
80.90,6403455.17275409,0.00541453,768.01369829,-9.89701888
81.00,6403491.21843040,0.00542511,767.52133728,-9.89535614
81.10,6403527.16592959,0.00543570,767.03017231,-9.89370954
81.20,6403563.01526738,0.00544628,766.54020280,-9.89207887
81.30,6403598.76645931,0.00545687,766.05142818,-9.89046395
81.40,6403634.41952080,0.00546745,765.56384792,-9.88886460
81.50,6403669.97446710,0.00547804,765.07746150,-9.88728064
81.60,6403705.43131333,0.00548862,764.59226845,-9.88571188
81.70,6403740.79007448,0.00549920,764.10826829,-9.88415816
81.80,6403776.05076536,0.00550978,763.62546060,-9.88261929
81.90,6403811.21340069,0.00552036,763.14384494,-9.88109511
82.00,6403846.27799500,0.00553094,762.66342094,-9.87958544
82.10,6403881.24456274,0.00554152,762.18418822,-9.87809013
82.20,6403916.11311817,0.00555210,761.70614643,-9.87660899
82.30,6403950.88367546,0.00556268,761.22929525,-9.87514187
82.40,6403985.55624863,0.00557326,760.75363438,-9.87368861
82.50,6404020.13085158,0.00558384,760.27916354,-9.87224906
82.60,6404054.60749805,0.00559441,759.80588246,-9.87082304
82.70,6404088.98620170,0.00560499,759.33379091,-9.86941042
82.80,6404123.26697602,0.00561556,758.86288866,-9.86801103
82.90,6404157.44983442,0.00562614,758.39317554,-9.86662472
83.00,6404191.53479014,0.00563671,757.92465134,-9.86525136
83.10,6404225.52185634,0.00564729,757.45731593,-9.86389078
83.20,6404259.41104603,0.00565786,756.99116916,-9.86254285
83.30,6404293.20237212,0.00566844,756.52621091,-9.86120742
83.40,6404326.89584739,0.00567901,756.06244109,-9.85988435
83.50,6404360.49148451,0.00568958,755.59985962,-9.85857351
83.60,6404393.98929603,0.00570015,755.13846643,-9.85727475
83.70,6404427.38929439,0.00571072,754.67826149,-9.85598794
83.80,6404460.69149192,0.00572129,754.21924476,-9.85471295
83.90,6404493.89590084,0.00573186,753.76141625,-9.85344964
84.00,6404527.00253325,0.00574243,753.30477596,-9.85219788
84.10,6404560.01140115,0.00575300,752.84932393,-9.85095755
84.20,6404592.92251643,0.00576357,752.39506019,-9.84972851
84.30,6404625.73589086,0.00577414,751.94198482,-9.84851065
84.40,6404658.45153613,0.00578470,751.49009789,-9.84730383
84.50,6404691.06946381,0.00579527,751.03939951,-9.84610794
84.60,6404723.58968537,0.00580584,750.58988978,-9.84492285
84.70,6404756.01221218,0.00581640,750.14156883,-9.84374845
84.80,6404788.33705550,0.00582697,749.69443681,-9.84258461
84.90,6404820.56422651,0.00583753,749.24849387,-9.84143123
85.00,6404852.69373626,0.00584810,748.80374020,-9.84028819
85.10,6404884.72559574,0.00585866,748.36017599,-9.83915536
85.20,6404916.65981581,0.00586922,747.91780144,-9.83803265
85.30,6404948.49640725,0.00587978,747.47661678,-9.83691994
85.40,6404980.23538076,0.00589035,747.03662223,-9.83581712
85.50,6405011.87674691,0.00590091,746.59781806,-9.83472409
85.60,6405043.42051621,0.00591147,746.16020452,-9.83364073
85.70,6405074.86669906,0.00592203,745.72378189,-9.83256695
85.80,6405106.21530578,0.00593259,745.28855047,-9.83150263
85.90,6405137.46634659,0.00594315,744.85451057,-9.83044769
86.00,6405168.61983164,0.00595371,744.42166249,-9.82940200
86.10,6405199.67577097,0.00596427,743.99000658,-9.82836549
86.20,6405230.63417455,0.00597483,743.55954318,-9.82733804
86.30,6405261.49505225,0.00598538,743.13027265,-9.82631956
86.40,6405292.25841386,0.00599594,742.70219536,-9.82530995
86.50,6405322.92426909,0.00600650,742.27531169,-9.82430912
86.60,6405353.49262758,0.00601706,741.84962204,-9.82331697
86.70,6405383.96349885,0.00602761,741.42512683,-9.82233342
86.80,6405414.33689237,0.00603817,741.00182646,-9.82135837
86.90,6405444.61281753,0.00604872,740.57972138,-9.82039172
87.00,6405474.79128361,0.00605928,740.15881202,-9.81943340
87.10,6405504.87229985,0.00606983,739.73909884,-9.81848331
87.20,6405534.85587539,0.00608038,739.32058231,-9.81754136
87.30,6405564.74201929,0.00609094,738.90326290,-9.81660747
87.40,6405594.53074054,0.00610149,738.48714111,-9.81568156
87.50,6405624.22204806,0.00611204,738.07221743,-9.81476353
87.60,6405653.81595069,0.00612259,737.65849237,-9.81385332
87.70,6405683.31245718,0.00613315,737.24596646,-9.81295082
87.80,6405712.71157624,0.00614370,736.83464023,-9.81205597
87.90,6405742.01331648,0.00615425,736.42451421,-9.81116869
88.00,6405771.21768644,0.00616480,736.01558895,-9.81028888
88.10,6405800.32469461,0.00617535,735.60786503,-9.80941649
88.20,6405829.33434939,0.00618590,735.20134300,-9.80855142
88.30,6405858.24665911,0.00619645,734.79602345,-9.80769361
88.40,6405887.06163204,0.00620699,734.39190696,-9.80684297
88.50,6405915.77927638,0.00621754,733.98899415,-9.80599944
88.60,6405944.39960026,0.00622809,733.58728561,-9.80516294
88.70,6405972.92261175,0.00623864,733.18678196,-9.80433339
88.80,6406001.34831884,0.00624918,732.78748382,-9.80351073
88.90,6406029.67672946,0.00625973,732.38939184,-9.80269489
89.00,6406057.90785148,0.00627028,731.99250665,-9.80188578
89.10,6406086.04169270,0.00628082,731.59682890,-9.80108336
89.20,6406114.07826087,0.00629137,731.20235926,-9.80028754
89.30,6406142.01756365,0.00630191,730.80909839,-9.79949826
89.40,6406169.85960867,0.00631246,730.41704697,-9.79871545
89.50,6406197.60440347,0.00632300,730.02620568,-9.79793904
89.60,6406225.25195555,0.00633354,729.63657520,-9.79716898
89.70,6406252.80227234,0.00634409,729.24815625,-9.79640519
89.80,6406280.25536120,0.00635463,728.86094952,-9.79564762
89.90,6406307.61122946,0.00636517,728.47495574,-9.79489619
90.00,6406334.86988436,0.00637571,728.09017561,-9.79415086
90.10,6406362.03133310,0.00638625,727.70660986,-9.79341155
90.20,6406389.09558281,0.00639680,727.32425924,-9.79267820
90.30,6406416.06264058,0.00640734,726.94312448,-9.79195076
90.40,6406442.93251343,0.00641788,726.56320633,-9.79122916
90.50,6406469.70520832,0.00642842,726.18450555,-9.79051335
90.60,6406496.38073218,0.00643896,725.80702289,-9.78980327
90.70,6406522.95909186,0.00644950,725.43075912,-9.78909886
90.80,6406549.44029417,0.00646003,725.05571502,-9.78840006
90.90,6406575.82434585,0.00647057,724.68189137,-9.78770682
91.00,6406602.11125360,0.00648111,724.30928894,-9.78701909
91.10,6406628.30102407,0.00649165,723.93790854,-9.78633680
91.20,6406654.39366385,0.00650219,723.56775095,-9.78565991
91.30,6406680.38917948,0.00651272,723.19881699,-9.78498836
91.40,6406706.28757746,0.00652326,722.83110745,-9.78432209
91.50,6406732.08886421,0.00653379,722.46462316,-9.78366106
91.60,6406757.79304614,0.00654433,722.09936493,-9.78300522
91.70,6406783.40012958,0.00655487,721.73533358,-9.78235451
91.80,6406808.91012083,0.00656540,721.37252994,-9.78170888
91.90,6406834.32302611,0.00657594,721.01095486,-9.78106828
92.00,6406859.63885164,0.00658647,720.65060915,-9.78043266
92.10,6406884.85760355,0.00659700,720.29149368,-9.77980198
92.20,6406909.97928795,0.00660754,719.93360928,-9.77917618
92.30,6406935.00391089,0.00661807,719.57695681,-9.77855522
92.40,6406959.93147836,0.00662860,719.22153713,-9.77793905
92.50,6406984.76199635,0.00663914,718.86735109,-9.77732763
92.60,6407009.49547075,0.00664967,718.51439957,-9.77672090
92.70,6407034.13190744,0.00666020,718.16268342,-9.77611882
92.80,6407058.67131225,0.00667073,717.81220353,-9.77552135
92.90,6407083.11369095,0.00668126,717.46296077,-9.77492845
93.00,6407107.45904928,0.00669179,717.11495602,-9.77434006
93.10,6407131.70739295,0.00670232,716.76819017,-9.77375615
93.20,6407155.85872759,0.00671285,716.42266410,-9.77317666
93.30,6407179.91305882,0.00672338,716.07837871,-9.77260157
93.40,6407203.87039220,0.00673391,715.73533488,-9.77203082
93.50,6407227.73073327,0.00674444,715.39353353,-9.77146438
93.60,6407251.49408749,0.00675497,715.05297555,-9.77090220
93.70,6407275.16046033,0.00676550,714.71366184,-9.77034424
93.80,6407298.72985717,0.00677603,714.37559332,-9.76979047
93.90,6407322.20228339,0.00678655,714.03877089,-9.76924083
94.00,6407345.57774430,0.00679708,713.70319546,-9.76869530
94.10,6407368.85624519,0.00680761,713.36886796,-9.76815384
94.20,6407392.03779130,0.00681813,713.03578929,-9.76761640
94.30,6407415.12238784,0.00682866,712.70396039,-9.76708294
94.40,6407438.11003998,0.00683919,712.37338217,-9.76655344
94.50,6407461.00075284,0.00684971,712.04405557,-9.76602784
94.60,6407483.79453152,0.00686024,711.71598150,-9.76550612
94.70,6407506.49138107,0.00687076,711.38916090,-9.76498824
94.80,6407529.09130651,0.00688129,711.06359470,-9.76447417
94.90,6407551.59431281,0.00689181,710.73928384,-9.76396385
95.00,6407574.00040494,0.00690233,710.41622926,-9.76345727
95.10,6407596.30958779,0.00691286,710.09443188,-9.76295438
95.20,6407618.52186625,0.00692338,709.77389265,-9.76245516
95.30,6407640.63724514,0.00693390,709.45461251,-9.76195956
95.40,6407662.65572927,0.00694443,709.13659241,-9.76146756
95.50,6407684.57732342,0.00695495,708.81983329,-9.76097911
95.60,6407706.40203231,0.00696547,708.50433609,-9.76049419
95.70,6407728.12986065,0.00697599,708.19010177,-9.76001276
95.80,6407749.76081311,0.00698651,707.87713126,-9.75953480
95.90,6407771.29489432,0.00699703,707.56542553,-9.75906026
96.00,6407792.73210888,0.00700756,707.25498551,-9.75858912
96.10,6407814.07246136,0.00701808,706.94581217,-9.75812134
96.20,6407835.31595630,0.00702860,706.63790645,-9.75765690
96.30,6407856.46259820,0.00703912,706.33126932,-9.75719576
96.40,6407877.51239153,0.00704964,706.02590171,-9.75673790
96.50,6407898.46534075,0.00706015,705.72180459,-9.75628327
96.60,6407919.32145024,0.00707067,705.41897892,-9.75583186
96.70,6407940.08072441,0.00708119,705.11742564,-9.75538364
96.80,6407960.74316758,0.00709171,704.81714572,-9.75493856
96.90,6407981.30878409,0.00710223,704.51814011,-9.75449662
97.00,6408001.77757822,0.00711275,704.22040976,-9.75405777
97.10,6408022.14955422,0.00712326,703.92395565,-9.75362198
97.20,6408042.42471633,0.00713378,703.62877871,-9.75318924
97.30,6408062.60306875,0.00714430,703.33487992,-9.75275951
97.40,6408082.68461565,0.00715481,703.04226022,-9.75233276
97.50,6408102.66936116,0.00716533,702.75092058,-9.75190898
97.60,6408122.55730940,0.00717585,702.46086195,-9.75148812
97.70,6408142.34846446,0.00718636,702.17208529,-9.75107017
97.80,6408162.04283040,0.00719688,701.88459155,-9.75065509
97.90,6408181.64041123,0.00720739,701.59838170,-9.75024287
98.00,6408201.14121098,0.00721791,701.31345668,-9.74983347
98.10,6408220.54523360,0.00722842,701.02981745,-9.74942687
98.20,6408239.85248304,0.00723894,700.74746497,-9.74902305
98.30,6408259.06296324,0.00724945,700.46640019,-9.74862197
98.40,6408278.17667808,0.00725996,700.18662406,-9.74822363
98.50,6408297.19363143,0.00727048,699.90813753,-9.74782798
98.60,6408316.11382714,0.00728099,699.63094157,-9.74743501
98.70,6408334.93726901,0.00729150,699.35503711,-9.74704469
98.80,6408353.66396084,0.00730201,699.08042510,-9.74665700
98.90,6408372.29390640,0.00731253,698.80710650,-9.74627191
99.00,6408390.82710943,0.00732304,698.53508226,-9.74588941
99.10,6408409.26357364,0.00733355,698.26435331,-9.74550946
99.20,6408427.60330272,0.00734406,697.99492060,-9.74513205
99.30,6408445.84630034,0.00735457,697.72678507,-9.74475715
99.40,6408463.99257014,0.00736508,697.45994768,-9.74438475
99.50,6408482.04211575,0.00737559,697.19440935,-9.74401481
99.60,6408499.99494074,0.00738610,696.93017103,-9.74364731
99.70,6408517.85104870,0.00739661,696.66723365,-9.74328225
99.80,6408535.61044318,0.00740712,696.40559815,-9.74291958
99.90,6408553.27312769,0.00741763,696.14526546,-9.74255930
100.00,6408570.83910574,0.00742814,695.88623651,-9.74220137
100.10,6408588.30838080,0.00743865,695.62851224,-9.74184579
100.20,6408605.68095634,0.00744916,695.37209358,-9.74149252
100.30,6408622.95683578,0.00745967,695.11698144,-9.74114155
100.40,6408640.13602255,0.00747018,694.86317675,-9.74079286
100.50,6408657.21852002,0.00748068,694.61068043,-9.74044643
100.60,6408674.20433156,0.00749119,694.35949341,-9.74010223
100.70,6408691.09346053,0.00750170,694.10961660,-9.73976025
100.80,6408707.88591024,0.00751221,693.86105092,-9.73942047
100.90,6408724.58168400,0.00752271,693.61379727,-9.73908287
101.00,6408741.18078509,0.00753322,693.36785657,-9.73874743
101.10,6408757.68321677,0.00754372,693.12322973,-9.73841413
101.20,6408774.08898230,0.00755423,692.87991765,-9.73808295
101.30,6408790.39808487,0.00756474,692.63792123,-9.73775388
101.40,6408806.61052770,0.00757524,692.39724138,-9.73742688
101.50,6408822.72631397,0.00758575,692.15787899,-9.73710196
101.60,6408838.74544682,0.00759625,691.91983495,-9.73677908
101.70,6408854.66792942,0.00760676,691.68311016,-9.73645824
101.80,6408870.49376487,0.00761726,691.44770550,-9.73613940
101.90,6408886.22295628,0.00762777,691.21362187,-9.73582256
102.00,6408901.85550673,0.00763827,690.98086013,-9.73550770
102.10,6408917.39141928,0.00764877,690.74942118,-9.73519480
102.20,6408932.83069698,0.00765928,690.51930589,-9.73488384
102.30,6408948.17334285,0.00766978,690.29051513,-9.73457480
102.40,6408963.41935990,0.00768028,690.06304977,-9.73426768
102.50,6408978.56875112,0.00769078,689.83691068,-9.73396244
102.60,6408993.62151947,0.00770129,689.61209872,-9.73365908
102.70,6409008.57766792,0.00771179,689.38861475,-9.73335759
102.80,6409023.43719938,0.00772229,689.16645963,-9.73305793
102.90,6409038.20011679,0.00773279,688.94563421,-9.73276010
103.00,6409052.86642303,0.00774329,688.72613934,-9.73246408
103.10,6409067.43612100,0.00775380,688.50797586,-9.73216986
103.20,6409081.90921354,0.00776430,688.29114462,-9.73187741
103.30,6409096.28570351,0.00777480,688.07564645,-9.73158673
103.40,6409110.56559375,0.00778530,687.86148219,-9.73129780
103.50,6409124.74888705,0.00779580,687.64865267,-9.73101060
103.60,6409138.83558622,0.00780630,687.43715872,-9.73072512
103.70,6409152.82569404,0.00781680,687.22700115,-9.73044135
103.80,6409166.71921326,0.00782730,687.01818079,-9.73015926
103.90,6409180.51614664,0.00783780,686.81069845,-9.72987884
104.00,6409194.21649691,0.00784830,686.60455494,-9.72960008
104.10,6409207.82026678,0.00785879,686.39975107,-9.72932297
104.20,6409221.32745894,0.00786929,686.19628763,-9.72904749
104.30,6409234.73807609,0.00787979,685.99416544,-9.72877362
104.40,6409248.05212088,0.00789029,685.79338527,-9.72850135
104.50,6409261.26959598,0.00790079,685.59394793,-9.72823067
104.60,6409274.39050401,0.00791128,685.39585418,-9.72796157
104.70,6409287.41484759,0.00792178,685.19910483,-9.72769402
104.80,6409300.34262934,0.00793228,685.00370063,-9.72742802
104.90,6409313.17385185,0.00794278,684.80964236,-9.72716356
105.00,6409325.90851768,0.00795327,684.61693079,-9.72690061
105.10,6409338.54662941,0.00796377,684.42556668,-9.72663917
105.20,6409351.08818958,0.00797427,684.23555078,-9.72637922
105.30,6409363.53320071,0.00798476,684.04688386,-9.72612075
105.40,6409375.88166534,0.00799526,683.85956665,-9.72586375
105.50,6409388.13358596,0.00800575,683.67359989,-9.72560820
105.60,6409400.28896506,0.00801625,683.48898434,-9.72535410
105.70,6409412.34780513,0.00802674,683.30572071,-9.72510142
105.80,6409424.31010862,0.00803724,683.12380975,-9.72485015
105.90,6409436.17587797,0.00804773,682.94325216,-9.72460029
106.00,6409447.94511564,0.00805823,682.76404867,-9.72435182
106.10,6409459.61782403,0.00806872,682.58619999,-9.72410473
106.20,6409471.19400556,0.00807922,682.40970683,-9.72385901
106.30,6409482.67366262,0.00808971,682.23456989,-9.72361464
106.40,6409494.05679760,0.00810020,682.06078987,-9.72337161
106.50,6409505.34341285,0.00811070,681.88836746,-9.72312992
106.60,6409516.53351075,0.00812119,681.71730334,-9.72288954
106.70,6409527.62709363,0.00813168,681.54759820,-9.72265047
106.80,6409538.62416382,0.00814217,681.37925272,-9.72241269
106.90,6409549.52472365,0.00815267,681.21226755,-9.72217620
107.00,6409560.32877541,0.00816316,681.04664338,-9.72194098
107.10,6409571.03632140,0.00817365,680.88238085,-9.72170702
107.20,6409581.64736391,0.00818414,680.71948062,-9.72147431
107.30,6409592.16190519,0.00819463,680.55794334,-9.72124284
107.40,6409602.57994752,0.00820513,680.39776965,-9.72101260
107.50,6409612.90149314,0.00821562,680.23896019,-9.72078357
107.60,6409623.12654427,0.00822611,680.08151558,-9.72055575
107.70,6409633.25510315,0.00823660,679.92543646,-9.72032913
107.80,6409643.28717198,0.00824709,679.77072344,-9.72010368
107.90,6409653.22275296,0.00825758,679.61737713,-9.71987941
108.00,6409663.06184828,0.00826807,679.46539815,-9.71965631
108.10,6409672.80446011,0.00827856,679.31478709,-9.71943435
108.20,6409682.45059063,0.00828905,679.16554455,-9.71921354
108.30,6409692.00024198,0.00829954,679.01767111,-9.71899386
108.40,6409701.45341632,0.00831003,678.87116737,-9.71877529
108.50,6409710.81011577,0.00832052,678.72603390,-9.71855784
108.60,6409720.07034245,0.00833101,678.58227126,-9.71834149
108.70,6409729.23409848,0.00834150,678.43988003,-9.71812623
108.80,6409738.30138596,0.00835198,678.29886077,-9.71791205
108.90,6409747.27220698,0.00836247,678.15921401,-9.71769894
109.00,6409756.14656361,0.00837296,678.02094032,-9.71748689
109.10,6409764.92445794,0.00838345,677.88404023,-9.71727589
109.20,6409773.60589201,0.00839394,677.74851428,-9.71706593
109.30,6409782.19086788,0.00840442,677.61436298,-9.71685700
109.40,6409790.67938759,0.00841491,677.48158687,-9.71664909
109.50,6409799.07145317,0.00842540,677.35018646,-9.71644219
109.60,6409807.36706664,0.00843588,677.22016224,-9.71623630
109.70,6409815.56623000,0.00844637,677.09151473,-9.71603139
109.80,6409823.66894527,0.00845686,676.96424442,-9.71582747
109.90,6409831.67521443,0.00846734,676.83835180,-9.71562453
110.00,6409839.58503946,0.00847783,676.71383734,-9.71542255
110.10,6409847.39842234,0.00848832,676.59070152,-9.71522152
110.20,6409855.11536503,0.00849880,676.46894482,-9.71502144
110.30,6409862.73586949,0.00850929,676.34856768,-9.71482230
110.40,6409870.25993765,0.00851977,676.22957057,-9.71462408
110.50,6409877.68757147,0.00853026,676.11195393,-9.71442679
110.60,6409885.01877286,0.00854074,675.99571820,-9.71423040
110.70,6409892.25354374,0.00855123,675.88086382,-9.71403491
110.80,6409899.39188603,0.00856171,675.76739121,-9.71384032
110.90,6409906.43380163,0.00857219,675.65530080,-9.71364661
111.00,6409913.37929242,0.00858268,675.54459299,-9.71345377
111.10,6409920.22836030,0.00859316,675.43526819,-9.71326180
111.20,6409926.98100714,0.00860365,675.32732680,-9.71307069
111.30,6409933.63723481,0.00861413,675.22076921,-9.71288042
111.40,6409940.19704517,0.00862461,675.11559581,-9.71269100
111.50,6409946.66044007,0.00863510,675.01180697,-9.71250240
111.60,6409953.02742136,0.00864558,674.90940307,-9.71231463
111.70,6409959.29799086,0.00865606,674.80838446,-9.71212767
111.80,6409965.47215042,0.00866654,674.70875151,-9.71194152
111.90,6409971.54990185,0.00867703,674.61050456,-9.71175617
112.00,6409977.53124696,0.00868751,674.51364395,-9.71157160
112.10,6409983.41618755,0.00869799,674.41817003,-9.71138782
112.20,6409989.20472544,0.00870847,674.32408310,-9.71120481
112.30,6409994.89686239,0.00871895,674.23138350,-9.71102256
112.40,6410000.49260021,0.00872944,674.14007154,-9.71084107
112.50,6410005.99194066,0.00873992,674.05014752,-9.71066033
112.60,6410011.39488552,0.00875040,673.96161174,-9.71048033
112.70,6410016.70143654,0.00876088,673.87446448,-9.71030106
112.80,6410021.91159548,0.00877136,673.78870604,-9.71012252
112.90,6410027.02536409,0.00878184,673.70433668,-9.70994469
113.00,6410032.04274410,0.00879232,673.62135667,-9.70976757
113.10,6410036.96373725,0.00880280,673.53976628,-9.70959115
113.20,6410041.78834527,0.00881328,673.45956576,-9.70941542
113.30,6410046.51656988,0.00882376,673.38075534,-9.70924038
113.40,6410051.14841279,0.00883424,673.30333527,-9.70906602
113.50,6410055.68387571,0.00884472,673.22730577,-9.70889232
113.60,6410060.12296034,0.00885520,673.15266708,-9.70871928
113.70,6410064.46566838,0.00886568,673.07941939,-9.70854690
113.80,6410068.71200151,0.00887616,673.00756293,-9.70837517
113.90,6410072.86196141,0.00888664,672.93709788,-9.70820407
114.00,6410076.91554977,0.00889711,672.86802443,-9.70803361
114.10,6410080.87276824,0.00890759,672.80034278,-9.70786376
114.20,6410084.73361851,0.00891807,672.73405310,-9.70769454
114.30,6410088.49810221,0.00892855,672.66915554,-9.70752592
114.40,6410092.16622102,0.00893903,672.60565028,-9.70735790
114.50,6410095.73797656,0.00894950,672.54353746,-9.70719048
114.60,6410099.21337049,0.00895998,672.48281724,-9.70702364
114.70,6410102.59240444,0.00897046,672.42348973,-9.70685738
114.80,6410105.87508004,0.00898094,672.36555508,-9.70669169
114.90,6410109.06139891,0.00899141,672.30901339,-9.70652656
115.00,6410112.15136267,0.00900189,672.25386479,-9.70636199
115.10,6410115.14497295,0.00901237,672.20010938,-9.70619797
115.20,6410118.04223133,0.00902284,672.14774725,-9.70603449
115.30,6410120.84313943,0.00903332,672.09677849,-9.70587154
115.40,6410123.54769885,0.00904379,672.04720319,-9.70570912
115.50,6410126.15591118,0.00905427,671.99902140,-9.70554722
115.60,6410128.66777801,0.00906475,671.95223320,-9.70538584
115.70,6410131.08330092,0.00907522,671.90683865,-9.70522495
115.80,6410133.40248149,0.00908570,671.86283778,-9.70506457
115.90,6410135.62532130,0.00909617,671.82023065,-9.70490468
116.00,6410137.75182191,0.00910665,671.77901727,-9.70474527
116.10,6410139.78198489,0.00911712,671.73919768,-9.70458634
116.20,6410141.71581179,0.00912760,671.70077189,-9.70442787
116.30,6410143.55330419,0.00913807,671.66373990,-9.70426987
116.40,6410145.29446361,0.00914855,671.62810171,-9.70411233
116.50,6410146.93929162,0.00915902,671.59385732,-9.70395523
116.60,6410148.48778976,0.00916949,671.56100670,-9.70379857
116.70,6410149.93995956,0.00917997,671.52954984,-9.70364235
116.80,6410151.29580256,0.00919044,671.49948669,-9.70348655
116.90,6410152.55532029,0.00920091,671.47081721,-9.70333118
117.00,6410153.71851428,0.00921139,671.44354135,-9.70317621
117.10,6410154.78538605,0.00922186,671.41765905,-9.70302165
117.20,6410155.75593712,0.00923233,671.39317025,-9.70286749
117.30,6410156.63016899,0.00924281,671.37007486,-9.70271373
117.40,6410157.40808320,0.00925328,671.34837281,-9.70256034
117.50,6410158.08968124,0.00926375,671.32806400,-9.70240734
117.60,6410158.67496462,0.00927422,671.30914833,-9.70225470
117.70,6410159.16393483,0.00928470,671.29162568,-9.70210243
117.80,6410159.55659338,0.00929517,671.27549595,-9.70195052
117.90,6410159.85294177,0.00930564,671.26075900,-9.70179895
118.00,6410160.05298147,0.00931611,671.24741471,-9.70164773
118.10,6410160.15671399,0.00932658,671.23546292,-9.70149685
118.20,6410160.16414080,0.00933705,671.22490349,-9.70134629
118.30,6410160.07526338,0.00934753,671.21573625,-9.70119606
118.40,6410159.89008322,0.00935800,671.20796104,-9.70104614
118.50,6410159.60860179,0.00936847,671.20157767,-9.70089653
118.60,6410159.23082056,0.00937894,671.19658598,-9.70074722
118.70,6410158.75674101,0.00938941,671.19298575,-9.70059820
118.80,6410158.18636459,0.00939988,671.19077679,-9.70044947
118.90,6410157.51969279,0.00941035,671.18995888,-9.70030103
119.00,6410156.75672705,0.00942082,671.19053181,9.70015285
119.10,6410155.89746883,0.00943129,671.19249535,9.70000494
119.20,6410154.94191961,0.00944176,671.19584926,9.69985730
119.30,6410153.89008082,0.00945223,671.20059330,9.69970990
119.40,6410152.74195393,0.00946270,671.20672721,9.69956275
119.50,6410151.49754038,0.00947317,671.21425073,9.69941584
119.60,6410150.15684162,0.00948364,671.22316358,9.69926916
119.70,6410148.71985909,0.00949411,671.23346550,9.69912271
119.80,6410147.18659425,0.00950457,671.24515619,9.69897647
119.90,6410145.55704854,0.00951504,671.25823536,9.69883044
120.00,6410143.83122339,0.00952551,671.27270269,9.69868462
120.10,6410142.00912024,0.00953598,671.28855788,9.69853900
120.20,6410140.09074053,0.00954645,671.30580061,9.69839356
120.30,6410138.07608570,0.00955692,671.32443053,9.69824831
120.40,6410135.96515718,0.00956738,671.34444732,9.69810324
120.50,6410133.75795639,0.00957785,671.36585063,9.69795833
120.60,6410131.45448478,0.00958832,671.38864009,9.69781359
120.70,6410129.05474377,0.00959879,671.41281534,9.69766900
120.80,6410126.55873479,0.00960925,671.43837601,9.69752456
120.90,6410123.96645927,0.00961972,671.46532172,9.69738026
121.00,6410121.27791862,0.00963019,671.49365207,9.69723609
121.10,6410118.49311428,0.00964065,671.52336666,9.69709205
121.20,6410115.61204767,0.00965112,671.55446509,9.69694813
121.30,6410112.63472021,0.00966159,671.58694694,9.69680433
121.40,6410109.56113333,0.00967205,671.62081178,9.69666063
121.50,6410106.39128843,0.00968252,671.65605917,9.69651702
121.60,6410103.12518695,0.00969299,671.69268868,9.69637351
121.70,6410099.76283031,0.00970345,671.73069985,9.69623008
121.80,6410096.30421991,0.00971392,671.77009222,9.69608673
121.90,6410092.74935719,0.00972438,671.81086533,9.69594345
122.00,6410089.09824355,0.00973485,671.85301869,9.69580024
122.10,6410085.35088041,0.00974531,671.89655181,9.69565707
122.20,6410081.50726920,0.00975578,671.94146421,9.69551396
122.30,6410077.56741133,0.00976624,671.98775537,9.69537089
122.40,6410073.53130821,0.00977671,672.03542480,9.69522785
122.50,6410069.39896126,0.00978717,672.08447195,9.69508483
122.60,6410065.17037191,0.00979764,672.13489631,9.69494184
122.70,6410060.84554155,0.00980810,672.18669734,9.69479886
122.80,6410056.42447162,0.00981857,672.23987449,9.69465588
122.90,6410051.90716353,0.00982903,672.29442720,9.69451290
123.00,6410047.29361869,0.00983949,672.35035490,9.69436991
123.10,6410042.58383852,0.00984996,672.40765704,9.69422690
123.20,6410037.77782445,0.00986042,672.46633302,9.69408386
123.30,6410032.87557788,0.00987088,672.52638225,9.69394079
123.40,6410027.87710024,0.00988135,672.58780413,9.69379769
123.50,6410022.78239295,0.00989181,672.65059807,9.69365453
123.60,6410017.59145743,0.00990227,672.71476343,9.69351132
123.70,6410012.30429510,0.00991274,672.78029960,9.69336805
123.80,6410006.92090737,0.00992320,672.84720594,9.69322470
123.90,6410001.44129569,0.00993366,672.91548181,9.69308128
124.00,6409995.86546146,0.00994412,672.98512655,9.69293777
124.10,6409990.19340611,0.00995459,673.05613952,9.69279417
124.20,6409984.42513107,0.00996505,673.12852004,9.69265047
124.30,6409978.56063777,0.00997551,673.20226743,9.69250666
124.40,6409972.59992764,0.00998597,673.27738101,9.69236273
124.50,6409966.54300210,0.00999643,673.35386008,9.69221868
124.60,6409960.38986259,0.01000689,673.43170395,9.69207449
124.70,6409954.14051055,0.01001736,673.51091189,9.69193017
124.80,6409947.79494740,0.01002782,673.59148320,9.69178569
124.90,6409941.35317458,0.01003828,673.67341714,9.69164106
125.00,6409934.81519353,0.01004874,673.75671297,9.69149627
125.10,6409928.18100570,0.01005920,673.84136996,9.69135130
125.20,6409921.45061253,0.01006966,673.92738733,9.69120616
125.30,6409914.62401545,0.01008012,674.01476435,9.69106082
125.40,6409907.70121592,0.01009058,674.10350022,9.69091529
125.50,6409900.68221538,0.01010104,674.19359418,9.69076956
125.60,6409893.56701529,0.01011150,674.28504542,9.69062361
125.70,6409886.35561711,0.01012196,674.37785317,9.69047744
125.80,6409879.04802227,0.01013242,674.47201660,9.69033104
125.90,6409871.64423226,0.01014288,674.56753491,9.69018440
126.00,6409864.14424852,0.01015334,674.66440728,9.69003752
126.10,6409856.54807252,0.01016380,674.76263286,9.68989039
126.20,6409848.85570572,0.01017426,674.86221083,9.68974299
126.30,6409841.06714961,0.01018472,674.96314034,9.68959531
126.40,6409833.18240564,0.01019518,675.06542052,9.68944736
126.50,6409825.20147531,0.01020563,675.16905051,9.68929912
126.60,6409817.12436007,0.01021609,675.27402945,9.68915059
126.70,6409808.95106142,0.01022655,675.38035644,9.68900174
126.80,6409800.68158085,0.01023701,675.48803060,9.68885259
126.90,6409792.31591984,0.01024747,675.59705102,9.68870311
127.00,6409783.85407988,0.01025793,675.70741680,9.68855329
127.10,6409775.29606247,0.01026838,675.81912703,9.68840314
127.20,6409766.64186911,0.01027884,675.93218078,9.68825264
127.30,6409757.89150131,0.01028930,676.04657711,9.68810177
127.40,6409749.04496057,0.01029976,676.16231509,9.68795054
127.50,6409740.10224840,0.01031021,676.27939376,9.68779893
127.60,6409731.06336632,0.01032067,676.39781218,9.68764694
127.70,6409721.92831584,0.01033113,676.51756936,9.68749455
127.80,6409712.69709850,0.01034158,676.63866433,9.68734175
127.90,6409703.36971582,0.01035204,676.76109612,9.68718854
128.00,6409693.94616934,0.01036250,676.88486373,9.68703491
128.10,6409684.42646058,0.01037295,677.00996616,9.68688085
128.20,6409674.81059110,0.01038341,677.13640240,9.68672634
128.30,6409665.09856243,0.01039387,677.26417144,9.68657138
128.40,6409655.29037614,0.01040432,677.39327225,9.68641596
128.50,6409645.38603377,0.01041478,677.52370379,9.68626006
128.60,6409635.38553689,0.01042523,677.65546503,9.68610369
128.70,6409625.28888707,0.01043569,677.78855492,9.68594683
128.80,6409615.09608587,0.01044614,677.92297239,9.68578946
128.90,6409604.80713487,0.01045660,678.05871638,9.68563159
129.00,6409594.42203567,0.01046705,678.19578582,9.68547319
129.10,6409583.94078983,0.01047751,678.33417961,9.68531426
129.20,6409573.36339896,0.01048796,678.47389668,9.68515480
129.30,6409562.68986467,0.01049842,678.61493592,9.68499478
129.40,6409551.92018854,0.01050887,678.75729622,9.68483420
129.50,6409541.05437220,0.01051933,678.90097647,9.68467305
129.60,6409530.09241725,0.01052978,679.04597554,9.68451131
129.70,6409519.03432534,0.01054024,679.19229230,9.68434899
129.80,6409507.88009807,0.01055069,679.33992561,9.68418606
129.90,6409496.62973710,0.01056114,679.48887432,9.68402252
130.00,6409485.28324406,0.01057160,679.63913727,9.68385835
130.10,6409473.84062060,0.01058205,679.79071330,9.68369355
130.20,6409462.30186837,0.01059250,679.94360123,9.68352810
130.30,6409450.66698905,0.01060296,680.09779989,9.68336200
130.40,6409438.93598429,0.01061341,680.25330807,9.68319523
130.50,6409427.10885579,0.01062386,680.41012459,9.68302778
130.60,6409415.18560521,0.01063432,680.56824824,9.68285964
130.70,6409403.16623425,0.01064477,680.72767781,9.68269079
130.80,6409391.05074461,0.01065522,680.88841206,9.68252124
130.90,6409378.83913799,0.01066567,681.05044978,9.68235096
131.00,6409366.53141611,0.01067613,681.21378972,9.68217995
131.10,6409354.12758069,0.01068658,681.37843064,9.68200818
131.20,6409341.62763346,0.01069703,681.54437128,9.68183566
131.30,6409329.03157616,0.01070748,681.71161038,9.68166237
131.40,6409316.33941052,0.01071793,681.88014667,9.68148830
131.50,6409303.55113831,0.01072838,682.04997887,9.68131343
131.60,6409290.66676128,0.01073884,682.22110569,9.68113775
131.70,6409277.68628121,0.01074929,682.39352584,9.68096126
131.80,6409264.60969987,0.01075974,682.56723802,9.68078394
131.90,6409251.43701905,0.01077019,682.74224092,9.68060577
132.00,6409238.16824055,0.01078064,682.91853321,9.68042674
132.10,6409224.80336617,0.01079109,683.09611358,9.68024685
132.20,6409211.34239773,0.01080154,683.27498068,9.68006608
132.30,6409197.78533705,0.01081199,683.45513318,9.67988441
132.40,6409184.13218596,0.01082244,683.63656972,9.67970184
132.50,6409170.38294630,0.01083289,683.81928894,9.67951835
132.60,6409156.53761994,0.01084334,684.00328949,9.67933393
132.70,6409142.59620872,0.01085379,684.18856998,9.67914856
132.80,6409128.55871452,0.01086424,684.37512903,9.67896223
132.90,6409114.42513922,0.01087469,684.56296526,9.67877493
133.00,6409100.19548472,0.01088514,684.75207726,9.67858664
133.10,6409085.86975291,0.01089559,684.94246364,9.67839736
133.20,6409071.44794571,0.01090604,685.13412297,9.67820706
133.30,6409056.93006504,0.01091649,685.32705384,9.67801574
133.40,6409042.31611284,0.01092693,685.52125481,9.67782337
133.50,6409027.60609104,0.01093738,685.71672445,9.67762995
133.60,6409012.80000161,0.01094783,685.91346132,9.67743546
133.70,6408997.89784651,0.01095828,686.11146396,9.67723989
133.80,6408982.89962772,0.01096873,686.31073092,9.67704323
133.90,6408967.80534723,0.01097918,686.51126072,9.67684545
134.00,6408952.61500704,0.01098962,686.71305188,9.67664654
134.10,6408937.32860917,0.01100007,686.91610293,9.67644649
134.20,6408921.94615563,0.01101052,687.12041238,9.67624529
134.30,6408906.46764847,0.01102097,687.32597871,9.67604292
134.40,6408890.89308973,0.01103141,687.53280044,9.67583936
134.50,6408875.22248147,0.01104186,687.74087604,9.67563459
134.60,6408859.45582578,0.01105231,687.95020398,9.67542862
134.70,6408843.59312473,0.01106275,688.16078275,9.67522141
134.80,6408827.63438042,0.01107320,688.37261080,9.67501295
134.90,6408811.57959498,0.01108365,688.58568659,9.67480322
135.00,6408795.42877051,0.01109409,688.80000856,9.67459222
135.10,6408779.18190917,0.01110454,689.01557515,9.67437992
135.20,6408762.83901311,0.01111499,689.23238480,9.67416631
135.30,6408746.40008448,0.01112543,689.45043593,9.67395138
135.40,6408729.86512548,0.01113588,689.66972695,9.67373509
135.50,6408713.23413829,0.01114632,689.89025627,9.67351745
135.60,6408696.50712513,0.01115677,690.11202229,9.67329842
135.70,6408679.68408821,0.01116721,690.33502342,9.67307801
135.80,6408662.76502977,0.01117766,690.55925802,9.67285617
135.90,6408645.74995207,0.01118810,690.78472448,9.67263291
136.00,6408628.63885737,0.01119855,691.01142118,9.67240821
136.10,6408611.43174795,0.01120899,691.23934647,9.67218203
136.20,6408594.12862611,0.01121944,691.46849870,9.67195438
136.30,6408576.72949416,0.01122988,691.69887623,9.67172522
136.40,6408559.23435444,0.01124033,691.93047739,9.67149455
136.50,6408541.64320928,0.01125077,692.16330052,9.67126234
136.60,6408523.95606104,0.01126122,692.39734395,9.67102857
136.70,6408506.17291210,0.01127166,692.63260598,9.67079324
136.80,6408488.29376486,0.01128210,692.86908493,9.67055631
136.90,6408470.31862171,0.01129255,693.10677910,9.67031776
137.00,6408452.24748510,0.01130299,693.34568678,9.67007759
137.10,6408434.08035745,0.01131343,693.58580626,9.66983577
137.20,6408415.81724123,0.01132388,693.82713582,9.66959228
137.30,6408397.45813892,0.01133432,694.06967373,9.66934710
137.40,6408379.00305302,0.01134476,694.31341826,9.66910021
137.50,6408360.45198602,0.01135520,694.55836766,9.66885160
137.60,6408341.80494047,0.01136565,694.80452018,9.66860123
137.70,6408323.06191891,0.01137609,695.05187406,9.66834910
137.80,6408304.22292392,0.01138653,695.30042753,9.66809518
137.90,6408285.28795807,0.01139697,695.55017883,9.66783945
138.00,6408266.25702397,0.01140741,695.80112616,9.66758188
138.10,6408247.13012425,0.01141786,696.05326774,9.66732247
138.20,6408227.90726155,0.01142830,696.30660178,9.66706118
138.30,6408208.58843852,0.01143874,696.56112646,9.66679799
138.40,6408189.17365786,0.01144918,696.81683998,9.66653289
138.50,6408169.66292226,0.01145962,697.07374052,9.66626585
138.60,6408150.05623445,0.01147006,697.33182625,9.66599685
138.70,6408130.35359717,0.01148050,697.59109534,9.66572587
138.80,6408110.55501318,0.01149094,697.85154594,9.66545288
138.90,6408090.66048527,0.01150138,698.11317620,9.66517786
139.00,6408070.67001624,0.01151182,698.37598427,9.66490079
139.10,6408050.58360892,0.01152226,698.63996828,9.66462165
139.20,6408030.40126615,0.01153270,698.90512637,9.66434041
139.30,6408010.12299082,0.01154314,699.17145664,9.66405704
139.40,6407989.74878580,0.01155358,699.43895721,9.66377153
139.50,6407969.27865402,0.01156402,699.70762619,9.66348385
139.60,6407948.71259841,0.01157446,699.97746167,9.66319397
139.70,6407928.05062193,0.01158490,700.24846175,9.66290188
139.80,6407907.29272756,0.01159534,700.52062450,9.66260754
139.90,6407886.43891831,0.01160578,700.79394800,9.66231093
140.00,6407865.48919722,0.01161622,701.06843032,9.66201203
140.10,6407844.44356733,0.01162666,701.34406951,9.66171080
140.20,6407823.30203172,0.01163709,701.62086363,9.66140723
140.30,6407802.06459350,0.01164753,701.89881072,9.66110129
140.40,6407780.73125578,0.01165797,702.17790881,9.66079295
140.50,6407759.30202174,0.01166841,702.45815594,9.66048218
140.60,6407737.77689453,0.01167884,702.73955012,9.66016897
140.70,6407716.15587737,0.01168928,703.02208937,9.65985327
140.80,6407694.43897348,0.01169972,703.30577170,9.65953506
140.90,6407672.62618612,0.01171016,703.59059509,9.65921433
141.00,6407650.71751857,0.01172059,703.87655755,9.65889102
141.10,6407628.71297414,0.01173103,704.16365705,9.65856513
141.20,6407606.61255616,0.01174147,704.45189156,9.65823662
141.30,6407584.41626800,0.01175190,704.74125906,9.65790546
141.40,6407562.12411304,0.01176234,705.03175750,9.65757162
141.50,6407539.73609470,0.01177278,705.32338483,9.65723508
141.60,6407517.25221643,0.01178321,705.61613900,9.65689579
141.70,6407494.67248170,0.01179365,705.91001794,9.65655375
141.80,6407471.99689402,0.01180408,706.20501958,9.65620890
141.90,6407449.22545692,0.01181452,706.50114184,9.65586123
142.00,6407426.35817396,0.01182495,706.79838263,9.65551070
142.10,6407403.39504873,0.01183539,707.09673986,9.65515728
142.20,6407380.33608485,0.01184582,707.39621141,9.65480093
142.30,6407357.18128598,0.01185626,707.69679518,9.65444164
142.40,6407333.93065580,0.01186669,707.99848905,9.65407935
142.50,6407310.58419802,0.01187713,708.30129089,9.65371405
142.60,6407287.14191639,0.01188756,708.60519857,9.65334570
142.70,6407263.60381469,0.01189799,708.91020993,9.65297426
142.80,6407239.96989672,0.01190843,709.21632284,9.65259971
142.90,6407216.24016633,0.01191886,709.52353512,9.65222200
143.00,6407192.41462740,0.01192930,709.83184461,9.65184111
143.10,6407168.49328382,0.01193973,710.14124914,9.65145699
143.20,6407144.47613955,0.01195016,710.45174652,9.65106962
143.30,6407120.36319856,0.01196059,710.76333455,9.65067896
143.40,6407096.15446486,0.01197103,711.07601104,9.65028497
143.50,6407071.84994249,0.01198146,711.38977378,9.64988762
143.60,6407047.44963553,0.01199189,711.70462055,9.64948687
143.70,6407022.95354811,0.01200232,712.02054913,9.64908268
143.80,6406998.36168436,0.01201276,712.33755728,9.64867502
143.90,6406973.67404849,0.01202319,712.65564275,9.64826384
144.00,6406948.89064471,0.01203362,712.97480331,9.64784912
144.10,6406924.01147728,0.01204405,713.29503669,9.64743081
144.20,6406899.03655050,0.01205448,713.61634062,9.64700887
144.30,6406873.96586872,0.01206491,713.93871283,9.64658327
144.40,6406848.79943629,0.01207534,714.26215103,9.64615396
144.50,6406823.53725765,0.01208577,714.58665293,9.64572090
144.60,6406798.17933724,0.01209620,714.91221624,9.64528406
144.70,6406772.72567955,0.01210663,715.23883863,9.64484339
144.80,6406747.17628912,0.01211706,715.56651779,9.64439886
144.90,6406721.53117052,0.01212749,715.89525140,9.64395041
145.00,6406695.79032836,0.01213792,716.22503712,9.64349801
145.10,6406669.95376730,0.01214835,716.55587261,9.64304161
145.20,6406644.02149203,0.01215878,716.88775550,9.64258118
145.30,6406617.99350729,0.01216921,717.22068344,9.64211666
145.40,6406591.86981788,0.01217964,717.55465406,9.64164802
145.50,6406565.65042860,0.01219007,717.88966498,9.64117521
145.60,6406539.33534433,0.01220050,718.22571381,9.64069818
145.70,6406512.92456998,0.01221093,718.56279815,9.64021689
145.80,6406486.41811051,0.01222135,718.90091560,9.63973130
145.90,6406459.81597092,0.01223178,719.24006373,9.63924135
146.00,6406433.11815626,0.01224221,719.58024012,9.63874700
146.10,6406406.32467162,0.01225264,719.92144235,9.63824820
146.20,6406379.43552214,0.01226306,720.26366796,9.63774491
146.30,6406352.45071302,0.01227349,720.60691450,9.63723707
146.40,6406325.37024948,0.01228392,720.95117951,9.63672464
146.50,6406298.19413681,0.01229434,721.29646053,9.63620756
146.60,6406270.92238034,0.01230477,721.64275505,9.63568580
146.70,6406243.55498545,0.01231520,721.99006061,9.63515928
146.80,6406216.09195758,0.01232562,722.33837469,9.63462798
146.90,6406188.53330220,0.01233605,722.68769479,9.63409183
147.00,6406160.87902485,0.01234647,723.03801839,9.63355077
147.10,6406133.12913110,0.01235690,723.38934295,9.63300477
147.20,6406105.28362660,0.01236732,723.74166594,9.63245376
147.30,6406077.34251703,0.01237775,724.09498482,9.63189770
147.40,6406049.30580814,0.01238817,724.44929701,9.63133651
147.50,6406021.17350571,0.01239860,724.80459996,9.63077016
147.60,6405992.94561560,0.01240902,725.16089108,9.63019859
147.70,6405964.62214371,0.01241944,725.51816779,9.62962173
147.80,6405936.20309600,0.01242987,725.87642748,9.62903954
147.90,6405907.68847848,0.01244029,726.23566755,9.62845195
148.00,6405879.07829722,0.01245072,726.59588537,9.62785890
148.10,6405850.37255836,0.01246114,726.95707832,9.62726034
148.20,6405821.57126808,0.01247156,727.31924376,9.62665621
148.30,6405792.67443263,0.01248198,727.68237903,9.62604645
148.40,6405763.68205831,0.01249241,728.04648147,9.62543099
148.50,6405734.59415148,0.01250283,728.41154841,9.62480978
148.60,6405705.41071858,0.01251325,728.77757717,9.62418275
148.70,6405676.13176608,0.01252367,729.14456505,9.62354984
148.80,6405646.75730053,0.01253409,729.51250935,9.62291098
148.90,6405617.28732855,0.01254451,729.88140734,9.62226612
149.00,6405587.72185681,0.01255493,730.25125631,9.62161518
149.10,6405558.06089205,0.01256536,730.62205352,9.62095810
149.20,6405528.30444106,0.01257578,730.99379621,9.62029482
149.30,6405498.45251072,0.01258620,731.36648163,9.61962526
149.40,6405468.50510796,0.01259662,731.74010699,9.61894936
149.50,6405438.46223978,0.01260704,732.11466953,9.61826705
149.60,6405408.32391325,0.01261745,732.49016643,9.61757827
149.70,6405378.09013551,0.01262787,732.86659490,9.61688293
149.80,6405347.76091376,0.01263829,733.24395211,9.61618097
149.90,6405317.33625527,0.01264871,733.62223523,9.61547232
150.00,6405286.81616739,0.01265913,734.00144143,9.61475691
150.10,6405256.20065754,0.01266955,734.38156783,9.61403465
150.20,6405225.48973321,0.01267997,734.76261159,9.61330548
150.30,6405194.68340195,0.01269038,735.14456981,9.61256933
150.40,6405163.78167142,0.01270080,735.52743960,9.61182611
150.50,6405132.78454930,0.01271122,735.91121806,9.61107574
150.60,6405101.69204340,0.01272164,736.29590226,9.61031816
150.70,6405070.50416157,0.01273205,736.68148929,9.60955328
150.80,6405039.22091176,0.01274247,737.06797620,9.60878103
150.90,6405007.84230198,0.01275288,737.45536002,9.60800132
151.00,6404976.36834032,0.01276330,737.84363779,9.60721406
151.10,6404944.79903496,0.01277372,738.23280653,9.60641919
151.20,6404913.13439415,0.01278413,738.62286323,9.60561661
151.30,6404881.37442625,0.01279455,739.01380490,9.60480625
151.40,6404849.51913966,0.01280496,739.40562850,9.60398801
151.50,6404817.56854289,0.01281538,739.79833101,9.60316181
151.60,6404785.52264452,0.01282579,740.19190936,9.60232757
151.70,6404753.38145323,0.01283620,740.58636049,9.60148519
151.80,6404721.14497778,0.01284662,740.98168132,9.60063459
151.90,6404688.81322702,0.01285703,741.37786877,9.59977568
152.00,6404656.38620987,0.01286744,741.77491972,9.59890836
152.10,6404623.86393537,0.01287786,742.17283105,9.59803254
152.20,6404591.24641262,0.01288827,742.57159961,9.59714814
152.30,6404558.53365082,0.01289868,742.97122227,9.59625505
152.40,6404525.72565929,0.01290909,743.37169586,9.59535319
152.50,6404492.82244739,0.01291950,743.77301718,9.59444245
152.60,6404459.82402463,0.01292992,744.17518304,9.59352273
152.70,6404426.73040057,0.01294033,744.57819024,9.59259395
152.80,6404393.54158490,0.01295074,744.98203554,9.59165599
152.90,6404360.25758739,0.01296115,745.38671569,9.59070877
153.00,6404326.87841790,0.01297156,745.79222744,9.58975217
153.10,6404293.40408640,0.01298197,746.19856752,9.58878609
153.20,6404259.83460298,0.01299238,746.60573262,9.58781043
153.30,6404226.16997780,0.01300279,747.01371944,9.58682509
153.40,6404192.41022115,0.01301320,747.42252465,9.58582995
153.50,6404158.55534339,0.01302360,747.83214491,9.58482491
153.60,6404124.60535502,0.01303401,748.24257687,9.58380986
153.70,6404090.56026663,0.01304442,748.65381714,9.58278469
153.80,6404056.42008893,0.01305483,749.06586234,9.58174929
153.90,6404022.18483271,0.01306523,749.47870904,9.58070354
154.00,6403987.85450890,0.01307564,749.89235383,9.57964733
154.10,6403953.42912854,0.01308605,750.30679325,9.57858054
154.20,6403918.90870276,0.01309645,750.72202385,9.57750306
154.30,6403884.29324283,0.01310686,751.13804213,9.57641477
154.40,6403849.58276011,0.01311727,751.55484460,9.57531555
154.50,6403814.77726611,0.01312767,751.97242773,9.57420528
154.60,6403779.87677242,0.01313808,752.39078800,9.57308383
154.70,6403744.88129078,0.01314848,752.80992183,9.57195108
154.80,6403709.79083303,0.01315889,753.22982566,9.57080691
154.90,6403674.60541115,0.01316929,753.65049588,9.56965118
155.00,6403639.32503722,0.01317969,754.07192889,9.56848378
155.10,6403603.94972348,0.01319010,754.49412104,9.56730456
155.20,6403568.47948226,0.01320050,754.91706868,9.56611341
155.30,6403532.91432604,0.01321090,755.34076812,9.56491018
155.40,6403497.25426742,0.01322130,755.76521569,9.56369474
155.50,6403461.49931913,0.01323171,756.19040765,9.56246695
155.60,6403425.64949405,0.01324211,756.61634026,9.56122669
155.70,6403389.70480517,0.01325251,757.04300978,9.55997380
155.80,6403353.66526562,0.01326291,757.47041241,9.55870815
155.90,6403317.53088868,0.01327331,757.89854435,9.55742960
156.00,6403281.30168776,0.01328371,758.32740177,9.55613799
156.10,6403244.97767641,0.01329411,758.75698084,9.55483319
156.20,6403208.55886833,0.01330451,759.18727767,9.55351505
156.30,6403172.04527734,0.01331491,759.61828838,9.55218341
156.40,6403135.43691743,0.01332531,760.05000905,9.55083813
156.50,6403098.73380273,0.01333570,760.48243573,9.54947905
156.60,6403061.93594752,0.01334610,760.91556447,9.54810603
156.70,6403025.04336622,0.01335650,761.34939128,9.54671889
156.80,6402988.05607341,0.01336690,761.78391215,9.54531749
156.90,6402950.97408382,0.01337729,762.21912304,9.54390166
157.00,6402913.79741234,0.01338769,762.65501989,9.54247125
157.10,6402876.52607402,0.01339808,763.09159861,9.54102608
157.20,6402839.16008406,0.01340848,763.52885510,9.53956599
157.30,6402801.69945782,0.01341887,763.96678522,9.53809082
157.40,6402764.14421084,0.01342927,764.40538481,9.53660039
157.50,6402726.49435881,0.01343966,764.84464968,9.53509453
157.60,6402688.74991758,0.01345006,765.28457560,9.53357307
157.70,6402650.91090318,0.01346045,765.72515835,9.53203583
157.80,6402612.97733183,0.01347084,766.16639366,9.53048263
157.90,6402574.94921988,0.01348123,766.60827721,9.52891330
158.00,6402536.82658388,0.01349163,767.05080470,9.52732764
158.10,6402498.60944056,0.01350202,767.49397177,9.52572549
158.20,6402460.29780682,0.01351241,767.93777404,9.52410664
158.30,6402421.89169975,0.01352280,768.38220709,9.52247092
158.40,6402383.39113660,0.01353319,768.82726649,9.52081812
158.50,6402344.79613484,0.01354358,769.27294777,9.51914806
158.60,6402306.10671210,0.01355397,769.71924643,9.51746054
158.70,6402267.32288621,0.01356436,770.16615794,9.51575536
158.80,6402228.44467520,0.01357475,770.61367774,9.51403233
158.90,6402189.47209727,0.01358513,771.06180125,9.51229123
159.00,6402150.40517084,0.01359552,771.51052383,9.51053187
159.10,6402111.24391449,0.01360591,771.95984247,9.50876175
159.20,6402071.98834678,0.01361630,772.40975817,9.50699986
159.30,6402032.63848627,0.01362668,772.86027042,9.50523901
159.40,6401993.19435158,0.01363707,773.31137472,9.50346050
159.50,6401953.65596153,0.01364745,773.76306658,9.50166414
159.60,6401914.02333514,0.01365784,774.21534145,9.49984975
159.70,6401874.29649161,0.01366822,774.66819478,9.49801713
159.80,6401834.47545035,0.01367861,775.12162196,9.49616610
159.90,6401794.56023098,0.01368899,775.57561838,9.49429644
160.00,6401754.55085332,0.01369937,776.03017938,9.49240798
160.10,6401714.44733737,0.01370975,776.48530028,9.49050050
160.20,6401674.24970338,0.01372014,776.94097636,9.48857380
160.30,6401633.95797178,0.01373052,777.39720289,9.48662768
160.40,6401593.57216322,0.01374090,777.85397508,9.48466193
160.50,6401553.09229857,0.01375128,778.31128812,9.48267634
160.60,6401512.51839891,0.01376166,778.76913719,9.48067070
160.70,6401471.85048555,0.01377204,779.22751740,9.47864480
160.80,6401431.08858001,0.01378241,779.68642386,9.47659843
160.90,6401390.23270404,0.01379279,780.14585162,9.47453135
161.00,6401349.28287963,0.01380317,780.60579572,9.47244336
161.10,6401308.23912899,0.01381355,781.06625116,9.47033422
161.20,6401267.10147455,0.01382392,781.52721289,9.46820372
161.30,6401225.86993899,0.01383430,781.98867584,9.46605163
161.40,6401184.54454522,0.01384467,782.45063491,9.46387771
161.50,6401143.12531641,0.01385505,782.91308495,9.46168173
161.60,6401101.61227594,0.01386542,783.37602078,9.45946346
161.70,6401060.00544748,0.01387580,783.83943719,9.45722266
161.80,6401018.30485490,0.01388617,784.30332893,9.45495909
161.90,6400976.51052235,0.01389654,784.76769071,9.45267251
162.00,6400934.62247424,0.01390691,785.23251720,9.45036266
162.10,6400892.64073522,0.01391729,785.69780304,9.44802931
162.20,6400850.56533021,0.01392766,786.16354283,9.44567221
162.30,6400808.39628439,0.01393803,786.62973113,9.44329109
162.40,6400766.13362320,0.01394840,787.09636245,9.44088570
162.50,6400723.77737237,0.01395877,787.56343128,9.43845578
162.60,6400681.32755788,0.01396913,788.03093206,9.43600108
162.70,6400638.78420600,0.01397950,788.49885918,9.43352133
162.80,6400596.14734327,0.01398987,788.96720701,9.43101625
162.90,6400553.41699652,0.01400023,789.43596986,9.42848558
163.00,6400510.59319285,0.01401060,789.90514200,9.42592905
163.10,6400467.67595967,0.01402097,790.37471767,9.42334639
163.20,6400424.66532465,0.01403133,790.84469106,9.42073730
163.30,6400381.56131580,0.01404169,791.31505631,9.41810151
163.40,6400338.36396139,0.01405206,791.78580753,9.41543874
163.50,6400295.07329001,0.01406242,792.25693876,9.41274870
163.60,6400251.68933054,0.01407278,792.72844403,9.41003109
163.70,6400208.21211219,0.01408314,793.20031729,9.40728563
163.80,6400164.64166447,0.01409350,793.67255247,9.40451202
163.90,6400120.97801720,0.01410386,794.14514343,9.40170995
164.00,6400077.22120053,0.01411422,794.61808401,9.39887912
164.10,6400033.37124493,0.01412458,795.09136798,9.39601923
164.20,6399989.42818120,0.01413494,795.56498907,9.39312997
164.30,6399945.39204046,0.01414530,796.03894096,9.39021102
164.40,6399901.26285418,0.01415565,796.51321727,9.38726207
164.50,6399857.04065415,0.01416601,796.98781160,9.38428279
164.60,6399812.72547251,0.01417636,797.46271746,9.38127288
164.70,6399768.31734176,0.01418672,797.93792834,9.37823199
164.80,6399723.81629473,0.01419707,798.41343766,9.37515981
164.90,6399679.22236462,0.01420743,798.88923879,9.37205599
165.00,6399634.53558496,0.01421778,799.36532505,9.36892020
165.10,6399589.75598969,0.01422813,799.84168971,9.36575211
165.20,6399544.88361307,0.01423848,800.31832598,9.36255136
165.30,6399499.91848976,0.01424883,800.79522701,9.35931762
165.40,6399454.86065478,0.01425918,801.27238591,9.35605053
165.50,6399409.71014354,0.01426953,801.74979571,9.35274973
165.60,6399364.46699183,0.01427988,802.22744940,9.34941488
165.70,6399319.13123582,0.01429022,802.70533991,9.34604560
165.80,6399273.70291208,0.01430057,803.18346010,9.34264154
165.90,6399228.18205758,0.01431091,803.66180280,9.33920233
166.00,6399182.56870970,0.01432126,804.14036074,9.33572759
166.10,6399136.86290620,0.01433160,804.61912661,9.33221694
166.20,6399091.06468527,0.01434194,805.09809305,9.32867002
166.30,6399045.17408553,0.01435229,805.57725261,9.32508643
166.40,6398999.19114599,0.01436263,806.05659780,9.32146578
166.50,6398953.11590610,0.01437297,806.53612105,9.31780769
166.60,6398906.94840575,0.01438331,807.01581475,9.31411176
166.70,6398860.68868527,0.01439365,807.49567119,9.31037760
166.80,6398814.33678539,0.01440398,807.97568261,9.30660479
166.90,6398767.89274734,0.01441432,808.45584120,9.30279293
167.00,6398721.35661277,0.01442466,808.93613907,9.29894162
167.10,6398674.72842380,0.01443499,809.41656824,9.29505043
167.20,6398628.00822299,0.01444533,809.89712068,9.29111894
167.30,6398581.19605341,0.01445566,810.37778830,9.28714674
167.40,6398534.29195855,0.01446599,810.85856293,9.28313340
167.50,6398487.29598242,0.01447633,811.33943631,9.27907848
167.60,6398440.20816951,0.01448666,811.82040014,9.27498155
167.70,6398393.02856477,0.01449699,812.30144602,9.27084217
167.80,6398345.75721368,0.01450731,812.78256548,9.26665990
167.90,6398298.39416221,0.01451764,813.26374999,9.26243428
168.00,6398250.93945682,0.01452797,813.74499093,9.25816487
168.10,6398203.39314451,0.01453830,814.22627959,9.25385120
168.20,6398155.75527279,0.01454862,814.70760722,9.24949283
168.30,6398108.02588969,0.01455895,815.18896496,9.24508928
168.40,6398060.20504377,0.01456927,815.67034387,9.24064008
168.50,6398012.29278414,0.01457959,816.15173493,9.23614475
168.60,6397964.28916045,0.01458991,816.63312907,9.23160284
168.70,6397916.19422290,0.01460023,817.11451709,9.22701383
168.80,6397868.00802225,0.01461055,817.59588973,9.22237726
168.90,6397819.73060980,0.01462087,818.07723765,9.21769263
169.00,6397771.36203747,0.01463119,818.55855141,9.21295945
169.10,6397722.90235771,0.01464150,819.03982149,9.20817721
169.20,6397674.35162357,0.01465182,819.52103828,9.20334540
169.30,6397625.70988872,0.01466213,820.00219207,9.19846353
169.40,6397576.97720737,0.01467244,820.48327309,9.19353107
169.50,6397528.15363439,0.01468276,820.96427144,9.18854751
169.60,6397479.23922524,0.01469307,821.44517715,9.18351233
169.70,6397430.23403599,0.01470338,821.92598016,9.17842499
169.80,6397381.13812336,0.01471369,822.40667031,9.17328498
169.90,6397331.95154468,0.01472399,822.88723732,9.16809174
170.00,6397282.67435794,0.01473430,823.36767085,9.16284474
170.10,6397233.30662178,0.01474460,823.84796045,9.15754344
170.20,6397183.84839548,0.01475491,824.32809555,9.15218728
170.30,6397134.29973901,0.01476521,824.80806551,9.14677572
170.40,6397084.66071300,0.01477551,825.28785956,9.14130818
170.50,6397034.93137875,0.01478581,825.76746685,9.13578412
170.60,6396985.11179827,0.01479611,826.24687640,9.13020295
170.70,6396935.20203426,0.01480641,826.72607716,9.12456412
170.80,6396885.20215012,0.01481671,827.20505794,9.11886704
170.90,6396835.11220998,0.01482700,827.68380745,9.11311113
171.00,6396784.93227868,0.01483730,828.16231429,9.10729581
171.10,6396734.66242179,0.01484759,828.64056697,9.10142049
171.20,6396684.30270563,0.01485788,829.11855386,9.09548456
171.30,6396633.85319726,0.01486818,829.59626323,9.08948744
171.40,6396583.31396451,0.01487846,830.07368323,9.08342853
171.50,6396532.68507596,0.01488875,830.55080189,9.07730720
171.60,6396481.96660099,0.01489904,831.02760713,9.07112286
171.70,6396431.15860975,0.01490933,831.50408675,9.06487489
171.80,6396380.26117318,0.01491961,831.98022842,9.05856266
171.90,6396329.27436304,0.01492989,832.45601971,9.05218555
172.00,6396278.19825189,0.01494017,832.93144803,9.04574294
172.10,6396227.03291313,0.01495045,833.40650071,9.03923419
172.20,6396175.77842099,0.01496073,833.88116490,9.03265867
172.30,6396124.43485053,0.01497101,834.35542767,9.02601573
172.40,6396073.00227768,0.01498129,834.82927594,9.01930474
172.50,6396021.48077923,0.01499156,835.30269649,9.01252503
172.60,6395969.87043283,0.01500184,835.77567599,9.00567597
172.70,6395918.17131705,0.01501211,836.24820094,8.99875690
172.80,6395866.38351134,0.01502238,836.72025775,8.99176715
172.90,6395814.50709603,0.01503265,837.19183265,8.98470606
173.00,6395762.54215240,0.01504292,837.66291175,8.97757298
173.10,6395710.48876266,0.01505318,838.13348102,8.97036722
173.20,6395658.34700994,0.01506345,838.60352629,8.96308813
173.30,6395606.11697834,0.01507371,839.07303323,8.95573501
173.40,6395553.79875291,0.01508397,839.54198738,8.94830719
173.50,6395501.39241968,0.01509423,840.01037411,8.94080400
173.60,6395448.89806566,0.01510449,840.47817868,8.93322474
173.70,6395396.31577888,0.01511475,840.94538615,8.92556873
173.80,6395343.64564835,0.01512500,841.41198146,8.91783528
173.90,6395290.88776412,0.01513526,841.87794938,8.91002370
174.00,6395238.04221728,0.01514551,842.34327453,8.90213329
174.10,6395185.10909995,0.01515576,842.80794137,8.89416335
174.20,6395132.08850532,0.01516601,843.27193420,8.88611320
174.30,6395078.98052766,0.01517625,843.73523714,8.87798212
174.40,6395025.78526232,0.01518650,844.19783417,8.86976941
174.50,6394972.50280573,0.01519674,844.65970909,8.86147439
174.60,6394919.13325546,0.01520699,845.12084554,8.85309632
174.70,6394865.67671020,0.01521723,845.58122696,8.84463453
174.80,6394812.13326977,0.01522747,846.04083667,8.83608829
174.90,6394758.50303514,0.01523770,846.49965776,8.82745690
175.00,6394704.78610847,0.01524794,846.95767319,8.81873965
175.10,6394650.98259307,0.01525817,847.41486570,8.80993584
175.20,6394597.09259348,0.01526840,847.87121787,8.80104477
175.30,6394543.11621541,0.01527863,848.32671211,8.79206571
175.40,6394489.05356582,0.01528886,848.78133060,8.78299797
175.50,6394434.90475292,0.01529909,849.23505539,8.77384085
175.60,6394380.66988614,0.01530931,849.68786830,8.76459364
175.70,6394326.34907622,0.01531954,850.13975096,8.75525563
175.80,6394271.94243515,0.01532976,850.59068482,8.74582613
175.90,6394217.45007623,0.01533997,851.04065113,8.73630445
176.00,6394162.87211409,0.01535019,851.48963093,8.72668988
176.10,6394108.20866469,0.01536041,851.93760508,8.71698174
176.20,6394053.45984532,0.01537062,852.38455421,8.70717933
176.30,6393998.62577465,0.01538083,852.83045877,8.69728198
176.40,6393943.70657272,0.01539104,853.27529898,8.68728900
176.50,6393888.70236099,0.01540125,853.71905485,8.67719972
176.60,6393833.61326232,0.01541145,854.16170620,8.66701346
176.70,6393778.43940098,0.01542165,854.60323260,8.65672957
176.80,6393723.18090274,0.01543185,855.04361343,8.64634738
176.90,6393667.83789480,0.01544205,855.48282784,8.63586624
177.00,6393612.41050584,0.01545225,855.92085475,8.62528552
177.10,6393556.89886607,0.01546244,856.35767285,8.61460456
177.20,6393501.30310721,0.01547264,856.79326063,8.60382275
177.30,6393445.62336251,0.01548283,857.22759631,8.59293946
177.40,6393389.85976678,0.01549301,857.66065789,8.58195408
177.50,6393334.01245642,0.01550320,858.09242316,8.57086602
177.60,6393278.08156942,0.01551338,858.52286963,8.55967469
177.70,6393222.06724537,0.01552356,858.95197459,8.54837950
177.80,6393165.96962551,0.01553374,859.37971507,8.53697989
177.90,6393109.78885274,0.01554392,859.80606788,8.52547532
178.00,6393053.52507163,0.01555409,860.23100955,8.51386524
178.10,6392997.17842842,0.01556426,860.65451636,8.50214912
178.20,6392940.74907111,0.01557443,861.07656436,8.49032647
178.30,6392884.23714939,0.01558460,861.49712931,8.47839679
178.40,6392827.64281475,0.01559476,861.91618672,8.46635960
178.50,6392770.96622042,0.01560493,862.33371184,8.45421445
178.60,6392714.20752146,0.01561509,862.74967964,8.44196090
178.70,6392657.36687473,0.01562524,863.16406482,8.42959854
178.80,6392600.44443894,0.01563540,863.57684182,8.41712696
178.90,6392543.44037468,0.01564555,863.98798479,8.40454580
179.00,6392486.35484440,0.01565570,864.39746759,8.39185471
179.10,6392429.18801248,0.01566585,864.80526383,8.37905336
179.20,6392371.94004524,0.01567599,865.21134680,8.36614145
179.30,6392314.61111094,0.01568613,865.61568950,8.35311871
179.40,6392257.20137983,0.01569627,866.01826467,8.33998489
179.50,6392199.71102415,0.01570641,866.41904472,8.32673979
179.60,6392142.14021820,0.01571654,866.81800177,8.31338321
179.70,6392084.48913830,0.01572667,867.21510764,8.29991501
179.80,6392026.75796286,0.01573680,867.61033385,8.28633508
179.90,6391968.94687241,0.01574693,868.00365160,8.27264332
180.00,6391911.05604958,0.01575705,868.39503177,8.25883970
180.10,6391853.08567917,0.01576717,868.78444494,8.24492422
180.20,6391795.03594815,0.01577728,869.17186136,8.23089690
180.30,6391736.90704570,0.01578740,869.55725096,8.21675784
180.40,6391678.69916324,0.01579751,869.94058335,8.20250714
180.50,6391620.41249443,0.01580762,870.32182780,8.18814499
180.60,6391562.04723523,0.01581772,870.70095324,8.17367159
180.70,6391503.60358391,0.01582782,871.07792828,8.15908722
180.80,6391445.08174107,0.01583792,871.45272118,8.14439219
180.90,6391386.48190970,0.01584802,871.82529985,8.12958689
181.00,6391327.80429516,0.01585811,872.19563185,8.11467173
181.10,6391269.04910525,0.01586820,872.56368441,8.09964722
181.20,6391210.21655023,0.01587829,872.92942438,8.08451390
181.30,6391151.30684283,0.01588837,873.29281826,8.06927239
181.40,6391092.32019830,0.01589845,873.65383219,8.05392338
181.50,6391033.25683442,0.01590853,874.01243194,8.03846761
181.60,6390974.11697156,0.01591860,874.36858291,8.02290591
181.70,6390914.90083269,0.01592867,874.72225011,8.00723918
181.80,6390855.60864340,0.01593874,875.07339821,7.99146840
181.90,6390796.24063196,0.01594880,875.42199145,7.97559463
182.00,6390736.79702932,0.01595886,875.76799373,7.95961900
182.10,6390677.27806918,0.01596892,876.11136852,7.94354276
182.20,6390617.68398798,0.01597897,876.45207893,7.92736722
182.30,6390558.01502497,0.01598902,876.79008765,7.91109380
182.40,6390498.27142221,0.01599906,877.12535697,7.89472401
182.50,6390438.45342462,0.01600910,877.45784878,7.87825946
182.60,6390378.56128003,0.01601914,877.78752456,7.86170189
182.70,6390318.59523918,0.01602918,878.11434538,7.84505311
182.80,6390258.55555578,0.01603921,878.43827189,7.82831507
182.90,6390198.44248652,0.01604924,878.75926432,7.81148984
183.00,6390138.25629113,0.01605926,879.07728246,7.79457960
183.10,6390077.99723241,0.01606928,879.39228568,7.77758665
183.20,6390017.66557625,0.01607930,879.70423292,7.76051345
183.30,6389957.26159066,0.01608931,880.01311272,7.74348223
183.40,6389896.78554438,0.01609931,880.31892405,7.72653575
183.50,6389836.23770752,0.01610932,880.62163677,7.70956053
183.60,6389775.61835293,0.01611932,880.92121074,7.69252128
183.70,6389714.92775654,0.01612931,881.21760545,7.67542095
183.80,6389654.16619739,0.01613931,881.51077996,7.65826265
183.90,6389593.33395770,0.01614929,881.80069297,7.64104964
184.00,6389532.43132284,0.01615928,882.08730275,7.62378533
184.10,6389471.45858144,0.01616926,882.37056717,7.60647329
184.20,6389410.41602535,0.01617923,882.65044369,7.58911724
184.30,6389349.30394974,0.01618920,882.92688936,7.57172108
184.40,6389288.12265308,0.01619917,883.19986082,7.55428888
184.50,6389226.87243721,0.01620913,883.46931429,7.53682488
184.60,6389165.55360738,0.01621909,883.73520557,7.51933351
184.70,6389104.16647223,0.01622904,883.99749002,7.50181938
184.80,6389042.71134393,0.01623899,884.25612261,7.48428729
184.90,6388981.18853809,0.01624893,884.51105784,7.46674227
185.00,6388919.59837389,0.01625887,884.76224980,7.44918951
185.10,6388857.94117409,0.01626881,885.00965214,7.43163444
185.20,6388796.21726506,0.01627874,885.25321808,7.41408271
185.30,6388734.42697682,0.01628866,885.49290039,7.39654018
185.40,6388672.57064307,0.01629858,885.72865140,7.37901293
185.50,6388610.64860125,0.01630850,885.96042300,7.36150731
185.60,6388548.66119256,0.01631841,886.18816660,7.34402988
185.70,6388486.60876200,0.01632831,886.41183321,7.32658747
185.80,6388424.49165841,0.01633822,886.63137335,7.30918714
185.90,6388362.31023453,0.01634811,886.84673709,7.29183624
186.00,6388300.06484700,0.01635800,887.05787404,7.27454238
186.10,6388237.75585642,0.01636789,887.26473336,7.25731343
186.20,6388175.38362740,0.01637777,887.46726374,7.24015756
186.30,6388112.94852859,0.01638764,887.66541338,7.22308322
186.40,6388050.45093272,0.01639751,887.85913006,7.20609916
186.50,6387987.89121662,0.01640738,888.04836104,7.18921443
186.60,6387925.26976131,0.01641724,888.23305314,7.17243839
186.70,6387862.58695200,0.01642709,888.41315269,7.15578071
186.80,6387799.84317813,0.01643694,888.58860554,7.13925138
186.90,6387737.03883346,0.01644678,888.75935707,7.12286073
187.00,6387674.17431603,0.01645662,888.92535217,7.10661942
187.10,6387611.25002830,0.01646645,889.08653525,7.09053844
187.20,6387548.26637709,0.01647628,889.24285023,7.07462915
187.30,6387485.22377370,0.01648610,889.39424056,7.05890324
187.40,6387422.12263394,0.01649591,889.54064917,7.04337278
187.50,6387358.96337812,0.01650572,889.68201852,7.02805018
187.60,6387295.74643117,0.01651552,889.81829059,7.01294823
187.70,6387232.47222261,0.01652532,889.94940684,6.99808010
187.80,6387169.14118666,0.01653511,890.07530824,6.98345935
187.90,6387105.75376223,0.01654489,890.19593528,6.96909988
188.00,6387042.31039298,0.01655467,890.31122794,6.95501603
188.10,6386978.81152739,0.01656444,890.42112570,6.94122249
188.20,6386915.25761878,0.01657421,890.52556755,6.92773436
188.30,6386851.64912534,0.01658397,890.62449197,6.91456714
188.40,6386787.98651020,0.01659372,890.71783694,6.90173672
188.50,6386724.27024147,0.01660347,890.80553994,6.88925938
188.60,6386660.50079228,0.01661321,890.88753795,6.87715181
188.70,6386596.67864083,0.01662294,890.96376745,6.86543111
188.80,6386532.80427041,0.01663267,891.03416441,6.85411474
188.90,6386468.87816949,0.01664239,891.09866430,6.84322060
189.00,6386404.90083173,0.01665210,891.15720208,6.83276695
189.10,6386340.87275602,0.01666181,891.20971221,6.82277246
189.20,6386276.79444657,0.01667150,891.25612865,6.81325618
189.30,6386212.66641291,0.01668120,891.29638487,6.80423752
189.40,6386148.48916995,0.01669088,891.33041380,6.79573631
189.50,6386084.26323802,0.01670056,891.35814791,6.78777269
189.60,6386019.98914293,0.01671023,891.37951915,6.78036720
189.70,6385955.66741603,0.01671990,891.39445897,6.77354070
189.80,6385891.29859419,0.01672955,891.40289832,6.76731440
189.90,6385826.88321991,0.01673920,891.40476766,6.76170984
190.00,6385762.42184135,0.01674884,891.39999695,-6.75674885
190.10,6385697.91501237,0.01675848,891.38851566,-6.75245357
190.20,6385633.36329255,0.01676810,891.37025276,-6.74884641
190.30,6385568.76724728,0.01677772,891.34513673,-6.74595006
190.40,6385504.12744778,0.01678733,891.31309558,-6.74378744
190.50,6385439.44447116,0.01679693,891.27405681,-6.74238168
190.60,6385374.71890045,0.01680653,891.22794745,-6.74175614
190.70,6385309.95132462,0.01681612,891.17469405,-6.74193434
190.80,6385245.14233871,0.01682570,891.11422269,-6.74293996
190.90,6385180.29254378,0.01683527,891.04645896,-6.74479680
191.00,6385115.40254700,0.01684483,890.97132799,-6.74752878
191.10,6385050.47296169,0.01685438,890.88875445,-6.75115990
191.20,6384985.50440738,0.01686393,890.79866253,-6.75571417
191.30,6384920.49750981,0.01687347,890.70097597,-6.76121565
191.40,6384855.45290102,0.01688300,890.59561808,-6.76768837
191.50,6384790.37121935,0.01689252,890.48251168,-6.77515633
191.60,6384725.25310954,0.01690203,890.36157918,-6.78364343
191.70,6384660.09922270,0.01691153,890.23274254,-6.79317348
191.80,6384594.91021642,0.01692103,890.09592328,-6.80377012
191.90,6384529.68675477,0.01693051,889.95104249,-6.81545683
192.00,6384464.42950837,0.01693999,889.79802087,-6.82825686
192.10,6384399.13915440,0.01694945,889.63677868,-6.84219321
192.20,6384333.81637667,0.01695891,889.46723576,-6.85728862
192.30,6384268.46186564,0.01696836,889.28931159,-6.87356547
192.40,6384203.07631846,0.01697780,889.10292521,-6.89104581
192.50,6384137.66043905,0.01698723,888.90799531,-6.90975130
192.60,6384072.21493807,0.01699665,888.70444020,-6.92970316
192.70,6384006.74053302,0.01700606,888.49217779,-6.95092216
192.80,6383941.23794824,0.01701546,888.27112566,-6.97342860
192.90,6383875.70791498,0.01702485,888.04120103,-6.99724222
193.00,6383810.15117139,0.01703423,887.80232078,-7.02238223
193.10,6383744.56846260,0.01704360,887.55440143,-7.04886726
193.20,6383678.96054074,0.01705296,887.29735923,-7.07671531
193.30,6383613.32816498,0.01706231,887.03111006,-7.10594377
193.40,6383547.67210155,0.01707165,886.75556955,-7.13656933
193.50,6383481.99312377,0.01708098,886.47065300,-7.16860803
193.60,6383416.29201212,0.01709030,886.17627545,-7.20207519
193.70,6383350.56955422,0.01709961,885.87235167,-7.23698537
193.80,6383284.82654491,0.01710891,885.55879618,-7.27335244
193.90,6383219.06378625,0.01711820,885.23552324,-7.31118945
194.00,6383153.28208755,0.01712747,884.90244691,-7.35050870
194.10,6383087.48226540,0.01713674,884.55948100,-7.39132171
194.20,6383021.66514372,0.01714599,884.20653916,-7.43363917
194.30,6382955.83155375,0.01715524,883.84353481,-7.47747097
194.40,6382889.98233410,0.01716447,883.47038124,-7.52282619
194.50,6382824.11833076,0.01717369,883.08699154,-7.56971308
194.60,6382758.24039714,0.01718290,882.69327869,-7.61813908
194.70,6382692.34939408,0.01719210,882.28915553,-7.66811080
194.80,6382626.44618986,0.01720128,881.87453481,-7.71963400
194.90,6382560.53166025,0.01721046,881.44932916,-7.77271365
195.00,6382494.60668848,0.01721962,881.01345117,-7.82735390
195.10,6382428.67216532,0.01722877,880.56681334,-7.88355807
195.20,6382362.72898904,0.01723791,880.10932816,-7.94132868
195.30,6382296.77806545,0.01724703,879.64090809,-8.00066746
195.40,6382230.82030790,0.01725615,879.16146559,-8.06157536
195.50,6382164.85663732,0.01726525,878.67091314,-8.12405253
195.60,6382098.88798218,0.01727434,878.16916328,-8.18809839
195.70,6382032.91527855,0.01728341,877.65612859,-8.25371158
195.80,6381966.93947007,0.01729247,877.13172174,-8.32089001
195.90,6381900.96150798,0.01730152,876.59585551,-8.38963088
196.00,6381834.98235110,0.01731056,876.04844281,-8.45993065
196.10,6381769.00296583,0.01731958,875.48939671,-8.53178512
196.20,6381703.02432619,0.01732860,874.91863042,-8.60518940
196.30,6381637.04741377,0.01733759,874.33605740,-8.68013792
196.40,6381571.07321776,0.01734658,873.74159130,-8.75662450
196.50,6381505.10273491,0.01735555,873.13514602,-8.83464229
196.60,6381439.13696955,0.01736450,872.51663574,-8.91418385
196.70,6381373.17693359,0.01737345,871.88597495,-8.99524115
196.80,6381307.22364646,0.01738237,871.24307846,-9.07780554
196.90,6381241.27813514,0.01739129,870.58786143,-9.16186784
197.00,6381175.34143414,0.01740019,869.92023941,-9.24741830
197.10,6381109.41458544,0.01740908,869.24012835,-9.33444664
197.20,6381043.49863855,0.01741795,868.54744465,-9.42294205
197.30,6380977.59465039,0.01742680,867.84210517,-9.51289322
197.40,6380911.70365795,0.01743565,867.12474891,-9.59889241
197.50,6380845.82663357,0.01744448,866.39646820,-9.67739033
197.60,6380779.96449390,0.01745329,865.65766475,-9.75343398
197.70,6380714.11814207,0.01746209,864.90831818,-9.83017164
197.80,6380648.28848368,0.01747087,864.14840853,-9.90759029
197.90,6380582.47642679,0.01747964,863.37791687,-9.98567255
198.00,6380516.68288178,0.01748839,862.59682530,-10.06440088
198.10,6380450.90876133,0.01749713,861.80511696,-10.14375766
198.20,6380385.15498031,0.01750585,861.00277605,-10.22372514
198.30,6380319.42245573,0.01751455,860.18978785,-10.30428549
198.40,6380253.71210662,0.01752324,859.36613872,-10.38542078
198.50,6380188.02485399,0.01753192,858.53181613,-10.46711301
198.60,6380122.36162070,0.01754058,857.68680866,-10.54934408
198.70,6380056.72333144,0.01754922,856.83110600,-10.63209585
198.80,6379991.11091258,0.01755785,855.96469900,-10.71535008
198.90,6379925.52529212,0.01756646,855.08757965,-10.79908849
199.00,6379859.96739960,0.01757505,854.19974111,-10.88329274
199.10,6379794.43816601,0.01758363,853.30117771,-10.96794444
199.20,6379728.93852369,0.01759219,852.39188496,-11.05302517
199.30,6379663.46940626,0.01760073,851.47185960,-11.13851643
199.40,6379598.03174849,0.01760926,850.54109953,-11.22439974
199.50,6379532.62648625,0.01761777,849.59960392,-11.31065653
199.60,6379467.25455641,0.01762627,848.64737315,-11.39726825
199.70,6379401.91689672,0.01763475,847.68440884,-11.48421629
199.80,6379336.61444571,0.01764321,846.71071386,-11.57148206
199.90,6379271.34814266,0.01765165,845.72629236,-11.65904691
200.00,6379206.11892741,0.01766008,844.73114975,-11.74689222
200.10,6379140.92774032,0.01766848,843.72529272,-11.83499932
200.20,6379075.77552216,0.01767688,842.70872927,-11.92334958
200.30,6379010.66321400,0.01768525,841.68146867,-12.01192432
200.40,6378945.59175711,0.01769361,840.64352153,-12.10070492
200.50,6378880.56209289,0.01770194,839.59489975,-12.18967271
200.60,6378815.57516269,0.01771026,838.53561658,-12.27880905
200.70,6378750.63190778,0.01771857,837.46568658,-12.36809534
200.80,6378685.73326923,0.01772685,836.38512566,-12.45751294
200.90,6378620.88018778,0.01773512,835.29395108,-12.54704328
201.00,6378556.07360375,0.01774337,834.19218143,-12.63666779
201.10,6378491.31445693,0.01775160,833.07983670,-12.72636791
201.20,6378426.60368648,0.01775981,831.95693820,-12.81612514
201.30,6378361.94223080,0.01776800,830.82350864,-12.90592099
201.40,6378297.33102746,0.01777618,829.67957209,-12.99573701
201.50,6378232.77101304,0.01778433,828.52515401,-13.08555480
201.60,6378168.26312307,0.01779247,827.36028122,-13.17535597
201.70,6378103.80829188,0.01780059,826.18498195,-13.26512221
201.80,6378039.40745252,0.01780869,824.99928582,-13.35483523
201.90,6377975.06153662,0.01781677,823.80322383,-13.44447682
202.00,6377910.77147429,0.01782483,822.59682837,-13.53402879
202.10,6377846.53819403,0.01783287,821.38013325,-13.62347304
202.20,6377782.36262257,0.01784089,820.15317366,-13.71279151
202.30,6377718.24568481,0.01784890,818.91598620,-13.80196621
202.40,6377654.18830365,0.01785688,817.66860886,-13.89097922
202.50,6377590.19139993,0.01786484,816.41108105,-13.97981269
202.60,6377526.25589229,0.01787279,815.14344355,-14.06844885
202.70,6377462.38269706,0.01788071,813.86573858,-14.15686999
202.80,6377398.57272811,0.01788862,812.57800971,-14.24505851
202.90,6377334.82689683,0.01789650,811.28030195,-14.33299687
203.00,6377271.14611190,0.01790437,809.97266168,-14.42066763
203.10,6377207.53127927,0.01791221,808.65513669,-14.50805345
203.20,6377143.98330197,0.01792004,807.32777613,-14.59513706
203.30,6377080.50308008,0.01792784,805.99063058,-14.68190133
203.40,6377017.09151051,0.01793563,804.64375195,-14.76832919
203.50,6376953.74948699,0.01794339,803.28719357,-14.85440372
203.60,6376890.47789989,0.01795114,801.92101013,-14.94010807
203.70,6376827.27763613,0.01795886,800.54525766,-15.02542553
203.80,6376764.14957904,0.01796656,799.15999360,-15.11033950
203.90,6376701.09460830,0.01797424,797.76527670,-15.19483351
204.00,6376638.11359977,0.01798190,796.36116707,-15.27889121
204.10,6376575.20742542,0.01798954,794.94772619,-15.36249637
204.20,6376512.37695318,0.01799716,793.52501682,-15.44563292
204.30,6376449.62304685,0.01800476,792.09310308,-15.52828490
204.40,6376386.94656600,0.01801234,790.65205040,-15.61043650
204.50,6376324.34836583,0.01801990,789.20192551,-15.69207206
204.60,6376261.82929708,0.01802743,787.74279643,-15.77317607
204.70,6376199.39020591,0.01803494,786.27473247,-15.85373317
204.80,6376137.03193379,0.01804244,784.79780423,-15.93372814
204.90,6376074.75531739,0.01804991,783.31208356,-16.01314595
205.00,6376012.56118849,0.01805736,781.81764354,-16.09197172
205.10,6375950.45037385,0.01806478,780.31455854,-16.17019072
205.20,6375888.42369512,0.01807219,778.80290411,-16.24778842
205.30,6375826.48196873,0.01807957,777.28275703,-16.32475046
205.40,6375764.62600575,0.01808694,775.75419529,-16.40106263
205.50,6375702.85661186,0.01809428,774.21729806,-16.47671094
205.60,6375641.17458718,0.01810160,772.67214567,-16.55168157
205.70,6375579.58072619,0.01810889,771.11881963,-16.62596088
205.80,6375518.07581765,0.01811617,769.55740257,-16.69953544
205.90,6375456.66064445,0.01812342,767.98797825,-16.77239201
206.00,6375395.33598358,0.01813065,766.41063155,-16.84451754
206.10,6375334.10260595,0.01813786,764.82544844,-16.91589919
206.20,6375272.96127639,0.01814505,763.23251595,-16.98652435
206.30,6375211.91275344,0.01815221,761.63192219,-17.05638058
206.40,6375150.95778936,0.01815935,760.02375629,-17.12545567
206.50,6375090.09712998,0.01816647,758.40810843,-17.19373764
206.60,6375029.33151462,0.01817357,756.78506977,-17.26121471
206.70,6374968.66167600,0.01818065,755.15473246,-17.32787534
206.80,6374908.08834016,0.01818770,753.51718962,-17.39370819
206.90,6374847.61222634,0.01819473,751.87253531,-17.45870218
207.00,6374787.23404695,0.01820173,750.22086452,-17.52284643
207.10,6374726.95450742,0.01820872,748.56227315,-17.58613031
207.20,6374666.77430617,0.01821568,746.89685797,-17.64854344
207.30,6374606.69413450,0.01822262,745.22471664,-17.71007566
207.40,6374546.71467652,0.01822953,743.54594763,-17.77071704
207.50,6374486.83660905,0.01823643,741.86065025,-17.83045792
207.60,6374427.06060158,0.01824330,740.16892461,-17.88928888
207.70,6374367.38731616,0.01825015,738.47087159,-17.94720074
207.80,6374307.81740734,0.01825697,736.76659283,-18.00418457
207.90,6374248.35152211,0.01826377,735.05619069,-18.06023171
208.00,6374188.99029981,0.01827055,733.33976825,-18.11533372
208.10,6374129.73437205,0.01827730,731.61742928,-18.16948246
208.20,6374070.58436269,0.01828404,729.88927820,-18.22267001
208.30,6374011.54088772,0.01829074,728.15542006,-18.27488873
208.40,6373952.60455524,0.01829743,726.41596055,-18.32613124
208.50,6373893.77596536,0.01830409,724.67100594,-18.37639042
208.60,6373835.05571018,0.01831073,722.92066306,-18.42565940
208.70,6373776.44437368,0.01831735,721.16503928,-18.47393159
208.80,6373717.94253173,0.01832394,719.40424251,-18.52120067
208.90,6373659.55075198,0.01833051,717.63838112,-18.56746058
209.00,6373601.26959382,0.01833706,715.86756397,-18.61270552
209.10,6373543.09960835,0.01834358,714.09190036,-18.65692998
209.20,6373485.04133832,0.01835008,712.31150001,-18.70012868
209.30,6373427.09531807,0.01835655,710.52647302,-18.74229665
209.40,6373369.26207349,0.01836300,708.73692987,-18.78342918
209.50,6373311.54212201,0.01836943,706.94298140,-18.82352181
209.60,6373253.93597250,0.01837584,705.14473872,-18.86257038
209.70,6373196.44412528,0.01838222,703.34231328,-18.90057097
209.80,6373139.06707206,0.01838858,701.53581677,-18.93751995
209.90,6373081.80529591,0.01839491,699.72536113,-18.97341396
210.00,6373024.65927125,0.01840123,697.91105852,-19.00824989
210.10,6372967.62946375,0.01840751,696.09302128,-19.04202493
210.20,6372910.71633040,0.01841378,694.27136193,-19.07473652
210.30,6372853.92031938,0.01842002,692.44619312,-19.10638236
210.40,6372797.24187012,0.01842623,690.61762762,-19.13696044
210.50,6372740.68141324,0.01843243,688.78577829,-19.16646900
210.60,6372684.23937051,0.01843860,686.95075805,-19.19490654
210.70,6372627.91615487,0.01844474,685.11267986,-19.22227184
210.80,6372571.71217040,0.01845087,683.27165670,-19.24856394
210.90,6372515.62781227,0.01845697,681.42780154,-19.27378214
211.00,6372459.66346679,0.01846304,679.58122731,-19.29792598
211.10,6372403.81951136,0.01846909,677.73204689,-19.32099529
211.20,6372348.09631446,0.01847512,675.88037307,-19.34299015
211.30,6372292.49423563,0.01848113,674.02631854,-19.36391087
211.40,6372237.01362554,0.01848711,672.16999583,-19.38375805
211.50,6372181.65482587,0.01849306,670.31151736,-19.40253250
211.60,6372126.41816941,0.01849900,668.45099533,-19.42023533
211.70,6372071.30398001,0.01850491,666.58854176,-19.43686784
211.80,6372016.31257259,0.01851079,664.72426844,-19.45243163
211.90,6371961.44426341,0.01851666,662.85803912,-19.46930375
212.00,6371906.69948144,0.01852250,660.98726977,-19.51095767
212.10,6371852.07885909,0.01852831,659.10963476,-19.57494075
212.20,6371797.58311977,0.01853410,657.22527331,-19.63761723
212.30,6371743.21297588,0.01853987,655.33433170,-19.69891745
212.40,6371688.96912838,0.01854562,653.43695741,-19.75882775
212.50,6371634.85226670,0.01855134,651.53329913,-19.81733513
212.60,6371580.86306862,0.01855703,649.62350666,-19.87442701
212.70,6371527.00220018,0.01856271,647.70773086,-19.93009133
212.80,6371473.27031556,0.01856836,645.78612366,-19.98431651
212.90,6371419.66805695,0.01857398,643.85883794,-20.03709146
213.00,6371366.19605450,0.01857958,641.92602756,-20.08840560
213.10,6371312.85492618,0.01858516,639.98784722,-20.13824884
213.20,6371259.64527774,0.01859072,638.04445251,-20.18661159
213.30,6371206.56770256,0.01859625,636.09599978,-20.23348481
213.40,6371153.62278160,0.01860175,634.14264614,-20.27885994
213.50,6371100.81108334,0.01860723,632.18454938,-20.32272895
213.60,6371048.13316365,0.01861269,630.22186795,-20.36508433
213.70,6370995.58956577,0.01861813,628.25476087,-20.40591909
213.80,6370943.18082021,0.01862354,626.28338773,-20.44522678
213.90,6370890.90744470,0.01862892,624.30790858,-20.48300147
214.00,6370838.76994412,0.01863428,622.32848394,-20.51923774
214.10,6370786.76881048,0.01863962,620.34527469,-20.55393074
214.20,6370734.90452280,0.01864494,618.35844208,-20.58707611
214.30,6370683.17754712,0.01865023,616.36814761,-20.61867004
214.40,6370631.58833646,0.01865549,614.37455304,-20.64870927
214.50,6370580.13733072,0.01866073,612.37782031,-20.67719102
214.60,6370528.82495672,0.01866595,610.37811147,-20.70411310
214.70,6370477.65162811,0.01867115,608.37558868,-20.72947379
214.80,6370426.61777392,0.01867632,606.36973493,-20.75983502
214.90,6370375.72391790,0.01868146,604.35882315,-20.80689717
215.00,6370324.97070042,0.01868658,602.34181900,-20.86397644
215.10,6370274.35879788,0.01869168,600.31891509,-20.91921188
215.20,6370223.88887107,0.01869675,598.29030804,-20.97256319
215.30,6370173.56156492,0.01870180,596.25619562,-21.02401746
215.40,6370123.37750834,0.01870683,594.21677667,-21.07356265
215.50,6370073.33731415,0.01871183,592.17225105,-21.12118756
215.60,6370023.44157895,0.01871680,590.12281950,-21.16688179
215.65,6370000.00000000,0.01871914,588.06868362,-21.21063578
